week,Team,Model Prediction,Spread,Cover Probability (%),Edge,6.094722,Offensive Expected Points (Season),Defensive Expected Points (Season),Offensive Success Rate (%),Defensive Success Rate (%),Offensive Eckel Rate Over Expected (%),Defensive Eckel Rate Over Expected (%),QB Expected Points Added (Career),QB Expected Points Added (Last 10 games),PROE,Raw_model,bin_cat
20,LA,0,-4,40.11%,-0.12271,9.107257,9.107257,-3.51713,0.519491525,0.578813559,0.604278075,0.454545455,3.676565,9.633353,0.018051851,42.5,2
20,BUF,1.5,-1.5,49.16%,-0.03221,8.158792,8.158792,-1.30572,0.485004284,0.564922481,0.5625,0.467032967,6.641144,7.63386,-0.042048202,44,1
20,SF,2.5,7,53.48%,0.01099,4.752679,4.752679,5.083045,0.48615917,0.521891419,0.56,0.537572254,9.741732,10.0436,-0.012083484,48.5,2
20,CHI,0,4,55.39%,0.03009,6.753515,6.753515,0.420246,0.452380952,0.529515419,0.580645161,0.531914894,0.802414,5.259629,-0.049870694,42.5,2
20,DEN,-1.5,1.5,50.84%,-0.01541,3.697106,3.697106,-1.93867,0.437611408,0.623097583,0.441340782,0.395721925,3.366791,5.590416,0.005030698,44,1
20,SEA,-2.5,-7,40.05%,-0.12331,3.950321,3.950321,-8.04114,0.467370441,0.598559856,0.524861878,0.416216216,-0.03821,0.688172,-0.075365921,48.5,2
20,HOU,6,3,40.07%,-0.12311,-0.15443,-0.15443,-7.87025,0.419966997,0.609733701,0.497435897,0.360824742,2.964823,8.258198,-0.02072775,43,1
20,NE,-6,-3,51.83%,-0.00551,10.83693,10.83693,-3.68149,0.481316726,0.551820728,0.579545455,0.438202247,6.773857,11.50564,0.011531585,43,1