week,Team,Model Prediction,Spread,Cover Probability (%),Edge,6.094722,Offensive Expected Points (Season),Defensive Expected Points (Season),Offensive Success Rate (%),Defensive Success Rate (%),Offensive Eckel Rate Over Expected (%),Defensive Eckel Rate Over Expected (%),QB Expected Points Added (Career),QB Expected Points Added (Last 10 games),PROE,Raw_model,bin_cat
21,DEN,14,5.5,34.64%,-0.17741,1.844084,1.844084,-4.1729,0.437919463,0.615062762,0.447368421,0.414141414,-2.32464,-0.08375,0.007315521,46.5,2
21,SEA,-6.5,-3,51.83%,-0.00551,4.110681,4.110681,-8.77861,0.471232877,0.60204953,0.531578947,0.397959184,0.032918,2.146429,-0.081586097,48,1
21,NE,-14,-5.5,65.34%,0.12959,11.2337,11.2337,-4.74479,0.473462511,0.559336824,0.552631579,0.435233161,6.612526,10.55338,0.009081487,46.5,2
21,LA,6.5,3,40.07%,-0.12311,9.646578,9.646578,-3.66104,0.510739857,0.575733545,0.587939698,0.454545455,3.722028,8.620945,0.017466406,48,1