week,game,team,bookmaker,spread,spread_price,median_spread,true_spread,cover_probability,implied_odds_spread,cover_edge,distance_from_median,median_line_row,highest_cover_row,last_update_api,commence_time
5,Akron Zips@Central Michigan Chippewas,Akron Zips,BetMGM,6.5,-108,6.5,8.5,0.47173475,0.5192307692307693,-0.04749601923076929,0,FALSE,FALSE,2026-10-01T20:14:49Z,2026-10-03T19:30:00Z
5,Akron Zips@Central Michigan Chippewas,Akron Zips,DraftKings,6.5,-108,6.5,8.5,0.47173475,0.5192307692307693,-0.04749601923076929,0,FALSE,FALSE,2026-10-01T20:14:26Z,2026-10-03T19:30:00Z
5,Akron Zips@Central Michigan Chippewas,Akron Zips,FanDuel,6.5,-110,6.5,8.5,0.47173475,0.5238095238095238,-0.052074773809523855,0,FALSE,FALSE,2026-10-01T20:15:05Z,2026-10-03T19:30:00Z
5,Akron Zips@Central Michigan Chippewas,Akron Zips,Fanatics,6.5,-105,6.5,8.5,0.47173475,0.5121951219512195,-0.04046037195121954,0,TRUE,TRUE,2026-10-01T20:14:27Z,2026-10-03T19:30:00Z
5,Akron Zips@Central Michigan Chippewas,Akron Zips,theScore Bet,6.5,-110,6.5,8.5,0.47173475,0.5238095238095238,-0.052074773809523855,0,FALSE,FALSE,2026-10-01T20:14:32Z,2026-10-03T19:30:00Z
5,Akron Zips@Central Michigan Chippewas,Central Michigan Chippewas,BetMGM,-6.5,-110,-6.5,-8.5,0.52980271,0.5238095238095238,0.005993186190476174,0,TRUE,TRUE,2026-10-01T20:14:49Z,2026-10-03T19:30:00Z
5,Akron Zips@Central Michigan Chippewas,Central Michigan Chippewas,DraftKings,-6.5,-112,-6.5,-8.5,0.52980271,0.5283018867924528,0.0015008232075471861,0,FALSE,FALSE,2026-10-01T20:14:26Z,2026-10-03T19:30:00Z
5,Akron Zips@Central Michigan Chippewas,Central Michigan Chippewas,FanDuel,-6.5,-110,-6.5,-8.5,0.52980271,0.5238095238095238,0.005993186190476174,0,FALSE,FALSE,2026-10-01T20:15:05Z,2026-10-03T19:30:00Z
5,Akron Zips@Central Michigan Chippewas,Central Michigan Chippewas,Fanatics,-6.5,-115,-6.5,-8.5,0.52980271,0.5348837209302325,-0.005081010930232499,0,FALSE,FALSE,2026-10-01T20:14:27Z,2026-10-03T19:30:00Z
5,Akron Zips@Central Michigan Chippewas,Central Michigan Chippewas,theScore Bet,-6.5,-110,-6.5,-8.5,0.52980271,0.5238095238095238,0.005993186190476174,0,FALSE,FALSE,2026-10-01T20:14:32Z,2026-10-03T19:30:00Z
5,Alabama Crimson Tide@Mississippi State Bulldogs,Alabama Crimson Tide,DraftKings,-6,-108,-5.5,-6,0.47620822,0.5192307692307693,-0.04302254923076926,0.5,FALSE,FALSE,2026-10-01T20:14:25Z,2026-10-03T16:00:00Z
5,Alabama Crimson Tide@Mississippi State Bulldogs,Alabama Crimson Tide,BetMGM,-5.5,-110,-5.5,-6,0.49244982,0.5238095238095238,-0.03135970380952385,0,TRUE,TRUE,2026-10-01T20:14:49Z,2026-10-03T16:00:00Z
5,Alabama Crimson Tide@Mississippi State Bulldogs,Alabama Crimson Tide,Caesars,-5.5,-114,-5.5,-6,0.49244982,0.5327102803738317,-0.04026046037383174,0,FALSE,FALSE,2026-10-01T20:12:30Z,2026-10-03T16:00:00Z
5,Alabama Crimson Tide@Mississippi State Bulldogs,Alabama Crimson Tide,FanDuel,-5.5,-110,-5.5,-6,0.49244982,0.5238095238095238,-0.03135970380952385,0,FALSE,FALSE,2026-10-01T20:15:05Z,2026-10-03T16:00:00Z
5,Alabama Crimson Tide@Mississippi State Bulldogs,Alabama Crimson Tide,Fanatics,-5.5,-110,-5.5,-6,0.49244982,0.5238095238095238,-0.03135970380952385,0,FALSE,FALSE,2026-10-01T20:14:27Z,2026-10-03T16:00:00Z
5,Alabama Crimson Tide@Mississippi State Bulldogs,Alabama Crimson Tide,theScore Bet,-5.5,-115,-5.5,-6,0.49244982,0.5348837209302325,-0.042433900930232527,0,FALSE,FALSE,2026-10-01T20:14:32Z,2026-10-03T16:00:00Z
5,Alabama Crimson Tide@Mississippi State Bulldogs,Mississippi State Bulldogs,BetMGM,5.5,-110,5.5,6,0.50505162,0.5238095238095238,-0.0187579038095238,0,FALSE,FALSE,2026-10-01T20:14:49Z,2026-10-03T16:00:00Z
5,Alabama Crimson Tide@Mississippi State Bulldogs,Mississippi State Bulldogs,Caesars,5.5,-107,5.5,6,0.50505162,0.5169082125603864,-0.011856592560386403,0,FALSE,FALSE,2026-10-01T20:12:30Z,2026-10-03T16:00:00Z
5,Alabama Crimson Tide@Mississippi State Bulldogs,Mississippi State Bulldogs,FanDuel,5.5,-110,5.5,6,0.50505162,0.5238095238095238,-0.0187579038095238,0,FALSE,FALSE,2026-10-01T20:15:05Z,2026-10-03T16:00:00Z
5,Alabama Crimson Tide@Mississippi State Bulldogs,Mississippi State Bulldogs,Fanatics,5.5,-110,5.5,6,0.50505162,0.5238095238095238,-0.0187579038095238,0,FALSE,FALSE,2026-10-01T20:14:27Z,2026-10-03T16:00:00Z
5,Alabama Crimson Tide@Mississippi State Bulldogs,Mississippi State Bulldogs,theScore Bet,5.5,-105,5.5,6,0.50505162,0.5121951219512195,-0.007143501951219489,0,TRUE,TRUE,2026-10-01T20:14:32Z,2026-10-03T16:00:00Z
5,Alabama Crimson Tide@Mississippi State Bulldogs,Mississippi State Bulldogs,DraftKings,6,-112,5.5,6,0.50505162,0.5283018867924528,-0.02325026679245279,0.5,FALSE,FALSE,2026-10-01T20:14:25Z,2026-10-03T16:00:00Z
5,Arkansas Razorbacks@Texas A&M Aggies,Arkansas Razorbacks,FanDuel,13.5,100,14,14,0.51041423,0.5,0.010414229999999969,0.5,FALSE,TRUE,2026-10-01T20:15:05Z,2026-10-03T23:00:00Z
5,Arkansas Razorbacks@Texas A&M Aggies,Arkansas Razorbacks,Fanatics,13.5,-105,14,14,0.51041423,0.5121951219512195,-0.0017808919512195542,0.5,FALSE,FALSE,2026-10-01T20:14:27Z,2026-10-03T23:00:00Z
5,Arkansas Razorbacks@Texas A&M Aggies,Arkansas Razorbacks,theScore Bet,13.5,-105,14,14,0.51041423,0.5121951219512195,-0.0017808919512195542,0.5,FALSE,FALSE,2026-10-01T20:14:32Z,2026-10-03T23:00:00Z
5,Arkansas Razorbacks@Texas A&M Aggies,Arkansas Razorbacks,BetMGM,14,-112,14,14,0.51041423,0.5283018867924528,-0.017887656792452855,0,FALSE,FALSE,2026-10-01T20:14:49Z,2026-10-03T23:00:00Z
5,Arkansas Razorbacks@Texas A&M Aggies,Arkansas Razorbacks,Caesars,14,-109,14,14,0.51041423,0.5215311004784688,-0.011116870478468877,0,TRUE,FALSE,2026-10-01T20:12:30Z,2026-10-03T23:00:00Z
5,Arkansas Razorbacks@Texas A&M Aggies,Arkansas Razorbacks,DraftKings,14,-112,14,14,0.51041423,0.5283018867924528,-0.017887656792452855,0,FALSE,FALSE,2026-10-01T20:14:26Z,2026-10-03T23:00:00Z
5,Arkansas Razorbacks@Texas A&M Aggies,Texas A&M Aggies,BetMGM,-14,-105,-14,-14,0.47252741,0.5121951219512195,-0.03966771195121954,0,TRUE,TRUE,2026-10-01T20:14:49Z,2026-10-03T23:00:00Z
5,Arkansas Razorbacks@Texas A&M Aggies,Texas A&M Aggies,Caesars,-14,-112,-14,-14,0.47252741,0.5283018867924528,-0.05577447679245284,0,FALSE,FALSE,2026-10-01T20:12:30Z,2026-10-03T23:00:00Z
5,Arkansas Razorbacks@Texas A&M Aggies,Texas A&M Aggies,DraftKings,-14,-108,-14,-14,0.47252741,0.5192307692307693,-0.04670335923076929,0,FALSE,FALSE,2026-10-01T20:14:26Z,2026-10-03T23:00:00Z
5,Arkansas Razorbacks@Texas A&M Aggies,Texas A&M Aggies,FanDuel,-13.5,-122,-14,-14,0.49255789,0.5495495495495496,-0.0569916595495496,0.5,FALSE,FALSE,2026-10-01T20:15:05Z,2026-10-03T23:00:00Z
5,Arkansas Razorbacks@Texas A&M Aggies,Texas A&M Aggies,Fanatics,-13.5,-115,-14,-14,0.49255789,0.5348837209302325,-0.04232583093023251,0.5,FALSE,FALSE,2026-10-01T20:14:27Z,2026-10-03T23:00:00Z
5,Arkansas Razorbacks@Texas A&M Aggies,Texas A&M Aggies,theScore Bet,-13.5,-115,-14,-14,0.49255789,0.5348837209302325,-0.04232583093023251,0.5,FALSE,FALSE,2026-10-01T20:14:32Z,2026-10-03T23:00:00Z
5,Arkansas State Red Wolves@Louisiana Ragin Cajuns,Arkansas State Red Wolves,BetMGM,6.5,-108,6.5,6.5,0.51167648,0.5192307692307693,-0.007554289230769284,0,FALSE,FALSE,2026-10-01T20:14:49Z,2026-10-04T00:00:00Z
5,Arkansas State Red Wolves@Louisiana Ragin Cajuns,Arkansas State Red Wolves,DraftKings,6.5,-105,6.5,6.5,0.51167648,0.5121951219512195,-5.186419512195339e-4,0,FALSE,FALSE,2026-10-01T20:14:26Z,2026-10-04T00:00:00Z
5,Arkansas State Red Wolves@Louisiana Ragin Cajuns,Arkansas State Red Wolves,FanDuel,6.5,-104,6.5,6.5,0.51167648,0.5098039215686274,0.001872558431372573,0,TRUE,TRUE,2026-10-01T20:15:05Z,2026-10-04T00:00:00Z
5,Arkansas State Red Wolves@Louisiana Ragin Cajuns,Arkansas State Red Wolves,Fanatics,6.5,-110,6.5,6.5,0.51167648,0.5238095238095238,-0.012133043809523847,0,FALSE,FALSE,2026-10-01T20:14:27Z,2026-10-04T00:00:00Z
5,Arkansas State Red Wolves@Louisiana Ragin Cajuns,Arkansas State Red Wolves,theScore Bet,7.5,-125,6.5,6.5,0.54590376,0.5555555555555556,-0.00965179555555562,1,FALSE,FALSE,2026-10-01T20:14:32Z,2026-10-04T00:00:00Z
5,Arkansas State Red Wolves@Louisiana Ragin Cajuns,Louisiana Ragin Cajuns,theScore Bet,-7.5,105,-6.5,-6.5,0.45482351,0.4878048780487805,-0.03298136804878049,1,FALSE,TRUE,2026-10-01T20:14:32Z,2026-10-04T00:00:00Z
5,Arkansas State Red Wolves@Louisiana Ragin Cajuns,Louisiana Ragin Cajuns,BetMGM,-6.5,-110,-6.5,-6.5,0.48990546,0.5238095238095238,-0.03390406380952382,0,TRUE,FALSE,2026-10-01T20:14:49Z,2026-10-04T00:00:00Z
5,Arkansas State Red Wolves@Louisiana Ragin Cajuns,Louisiana Ragin Cajuns,DraftKings,-6.5,-115,-6.5,-6.5,0.48990546,0.5348837209302325,-0.044978260930232494,0,FALSE,FALSE,2026-10-01T20:14:26Z,2026-10-04T00:00:00Z
5,Arkansas State Red Wolves@Louisiana Ragin Cajuns,Louisiana Ragin Cajuns,FanDuel,-6.5,-118,-6.5,-6.5,0.48990546,0.5412844036697247,-0.05137894366972473,0,FALSE,FALSE,2026-10-01T20:15:05Z,2026-10-04T00:00:00Z
5,Arkansas State Red Wolves@Louisiana Ragin Cajuns,Louisiana Ragin Cajuns,Fanatics,-6.5,-110,-6.5,-6.5,0.48990546,0.5238095238095238,-0.03390406380952382,0,FALSE,FALSE,2026-10-01T20:14:27Z,2026-10-04T00:00:00Z
5,Army Black Knights@Louisiana Tech Bulldogs,Army Black Knights,FanDuel,-2.5,-110,-2,1,0.43496773,0.5238095238095238,-0.08884179380952384,0.5,FALSE,FALSE,2026-10-01T20:15:05Z,2026-10-03T23:30:00Z
5,Army Black Knights@Louisiana Tech Bulldogs,Army Black Knights,theScore Bet,-2.5,-110,-2,1,0.43496773,0.5238095238095238,-0.08884179380952384,0.5,FALSE,FALSE,2026-10-01T20:14:32Z,2026-10-03T23:30:00Z
5,Army Black Knights@Louisiana Tech Bulldogs,Army Black Knights,BetMGM,-2,-110,-2,1,0.43496773,0.5238095238095238,-0.08884179380952384,0,TRUE,FALSE,2026-10-01T20:14:49Z,2026-10-03T23:30:00Z
5,Army Black Knights@Louisiana Tech Bulldogs,Army Black Knights,Fanatics,-2,-110,-2,1,0.43496773,0.5238095238095238,-0.08884179380952384,0,FALSE,FALSE,2026-10-01T20:14:27Z,2026-10-03T23:30:00Z
5,Army Black Knights@Louisiana Tech Bulldogs,Army Black Knights,DraftKings,-1.5,-115,-2,1,0.45149353,0.5348837209302325,-0.08339019093023253,0.5,FALSE,TRUE,2026-10-01T20:14:26Z,2026-10-03T23:30:00Z
5,Army Black Knights@Louisiana Tech Bulldogs,Louisiana Tech Bulldogs,DraftKings,1.5,-105,2,-1,0.54359297,0.5121951219512195,0.03139784804878043,0.5,FALSE,FALSE,2026-10-01T20:14:26Z,2026-10-03T23:30:00Z
5,Army Black Knights@Louisiana Tech Bulldogs,Louisiana Tech Bulldogs,BetMGM,2,-108,2,-1,0.54359297,0.5192307692307693,0.02436220076923068,0,TRUE,FALSE,2026-10-01T20:14:49Z,2026-10-03T23:30:00Z
5,Army Black Knights@Louisiana Tech Bulldogs,Louisiana Tech Bulldogs,Fanatics,2,-110,2,-1,0.54359297,0.5238095238095238,0.019783446190476117,0,FALSE,FALSE,2026-10-01T20:14:27Z,2026-10-03T23:30:00Z
5,Army Black Knights@Louisiana Tech Bulldogs,Louisiana Tech Bulldogs,FanDuel,2.5,-110,2,-1,0.56154278,0.5238095238095238,0.03773325619047618,0.5,FALSE,TRUE,2026-10-01T20:15:05Z,2026-10-03T23:30:00Z
5,Army Black Knights@Louisiana Tech Bulldogs,Louisiana Tech Bulldogs,theScore Bet,2.5,-110,2,-1,0.56154278,0.5238095238095238,0.03773325619047618,0.5,FALSE,FALSE,2026-10-01T20:14:32Z,2026-10-03T23:30:00Z
5,Auburn Tigers@Tennessee Volunteers,Auburn Tigers,FanDuel,6.5,100,7,6,0.5213544,0.5,0.021354399999999996,0.5,FALSE,TRUE,2026-10-01T20:15:05Z,2026-10-03T19:30:00Z
5,Auburn Tigers@Tennessee Volunteers,Auburn Tigers,theScore Bet,6.5,-105,7,6,0.5213544,0.5121951219512195,0.009159278048780473,0.5,FALSE,FALSE,2026-10-01T20:14:32Z,2026-10-03T19:30:00Z
5,Auburn Tigers@Tennessee Volunteers,Auburn Tigers,BetMGM,7,-108,7,6,0.5213544,0.5192307692307693,0.002123630769230722,0,TRUE,FALSE,2026-10-01T20:14:49Z,2026-10-03T19:30:00Z
5,Auburn Tigers@Tennessee Volunteers,Auburn Tigers,Caesars,7,-109,7,6,0.5213544,0.5215311004784688,-1.7670047846884973e-4,0,FALSE,FALSE,2026-10-01T20:12:30Z,2026-10-03T19:30:00Z
5,Auburn Tigers@Tennessee Volunteers,Auburn Tigers,DraftKings,7,-110,7,6,0.5213544,0.5238095238095238,-0.0024551238095238404,0,FALSE,FALSE,2026-10-01T20:14:26Z,2026-10-03T19:30:00Z
5,Auburn Tigers@Tennessee Volunteers,Auburn Tigers,Fanatics,7,-110,7,6,0.5213544,0.5238095238095238,-0.0024551238095238404,0,FALSE,FALSE,2026-10-01T20:14:27Z,2026-10-03T19:30:00Z
5,Auburn Tigers@Tennessee Volunteers,Tennessee Volunteers,BetMGM,-7,-110,-7,-6,0.44715754,0.5238095238095238,-0.07665198380952382,0,TRUE,FALSE,2026-10-01T20:14:49Z,2026-10-03T19:30:00Z
5,Auburn Tigers@Tennessee Volunteers,Tennessee Volunteers,Caesars,-7,-110,-7,-6,0.44715754,0.5238095238095238,-0.07665198380952382,0,FALSE,FALSE,2026-10-01T20:12:30Z,2026-10-03T19:30:00Z
5,Auburn Tigers@Tennessee Volunteers,Tennessee Volunteers,DraftKings,-7,-110,-7,-6,0.44715754,0.5238095238095238,-0.07665198380952382,0,FALSE,FALSE,2026-10-01T20:14:26Z,2026-10-03T19:30:00Z
5,Auburn Tigers@Tennessee Volunteers,Tennessee Volunteers,Fanatics,-7,-110,-7,-6,0.44715754,0.5238095238095238,-0.07665198380952382,0,FALSE,FALSE,2026-10-01T20:14:27Z,2026-10-03T19:30:00Z
5,Auburn Tigers@Tennessee Volunteers,Tennessee Volunteers,FanDuel,-6.5,-122,-7,-6,0.47620822,0.5495495495495496,-0.07334132954954958,0.5,FALSE,FALSE,2026-10-01T20:15:05Z,2026-10-03T19:30:00Z
5,Auburn Tigers@Tennessee Volunteers,Tennessee Volunteers,theScore Bet,-6.5,-115,-7,-6,0.47620822,0.5348837209302325,-0.058675500930232494,0.5,FALSE,TRUE,2026-10-01T20:14:32Z,2026-10-03T19:30:00Z
5,BYU Cougars@TCU Horned Frogs,BYU Cougars,Caesars,-6.5,-106,-6,-5.5,0.46759352,0.5145631067961165,-0.046969586796116514,0.5,FALSE,TRUE,2026-10-01T20:12:30Z,2026-10-03T23:00:00Z
5,BYU Cougars@TCU Horned Frogs,BYU Cougars,DraftKings,-6.5,-108,-6,-5.5,0.46759352,0.5192307692307693,-0.05163724923076929,0.5,FALSE,FALSE,2026-10-01T20:14:26Z,2026-10-03T23:00:00Z
5,BYU Cougars@TCU Horned Frogs,BYU Cougars,theScore Bet,-6.5,-110,-6,-5.5,0.46759352,0.5238095238095238,-0.05621600380952385,0.5,FALSE,FALSE,2026-10-01T20:14:32Z,2026-10-03T23:00:00Z
5,BYU Cougars@TCU Horned Frogs,BYU Cougars,BetMGM,-6,-110,-6,-5.5,0.46759352,0.5238095238095238,-0.05621600380952385,0,TRUE,FALSE,2026-10-01T20:14:49Z,2026-10-03T23:00:00Z
5,BYU Cougars@TCU Horned Frogs,BYU Cougars,Fanatics,-6,-110,-6,-5.5,0.46759352,0.5238095238095238,-0.05621600380952385,0,FALSE,FALSE,2026-10-01T20:14:27Z,2026-10-03T23:00:00Z
5,BYU Cougars@TCU Horned Frogs,BYU Cougars,FanDuel,-5.5,-118,-6,-5.5,0.48382769,0.5412844036697247,-0.05745671366972477,0.5,FALSE,FALSE,2026-10-01T20:15:05Z,2026-10-03T23:00:00Z
5,BYU Cougars@TCU Horned Frogs,TCU Horned Frogs,FanDuel,5.5,-104,6,5.5,0.51366733,0.5098039215686274,0.0038634084313725614,0.5,FALSE,FALSE,2026-10-01T20:15:05Z,2026-10-03T23:00:00Z
5,BYU Cougars@TCU Horned Frogs,TCU Horned Frogs,BetMGM,6,-108,6,5.5,0.51366733,0.5192307692307693,-0.005563439230769296,0,TRUE,FALSE,2026-10-01T20:14:49Z,2026-10-03T23:00:00Z
5,BYU Cougars@TCU Horned Frogs,TCU Horned Frogs,Fanatics,6,-110,6,5.5,0.51366733,0.5238095238095238,-0.010142193809523858,0,FALSE,FALSE,2026-10-01T20:14:27Z,2026-10-03T23:00:00Z
5,BYU Cougars@TCU Horned Frogs,TCU Horned Frogs,Caesars,6.5,-114,6,5.5,0.52996228,0.5327102803738317,-0.002748000373831716,0.5,FALSE,FALSE,2026-10-01T20:12:30Z,2026-10-03T23:00:00Z
5,BYU Cougars@TCU Horned Frogs,TCU Horned Frogs,DraftKings,6.5,-112,6,5.5,0.52996228,0.5283018867924528,0.0016603932075471839,0.5,FALSE,FALSE,2026-10-01T20:14:26Z,2026-10-03T23:00:00Z
5,BYU Cougars@TCU Horned Frogs,TCU Horned Frogs,theScore Bet,6.5,-110,6,5.5,0.52996228,0.5238095238095238,0.006152756190476172,0.5,FALSE,TRUE,2026-10-01T20:14:32Z,2026-10-03T23:00:00Z
5,Baylor Bears@Arizona State Sun Devils,Arizona State Sun Devils,BetMGM,-4,-110,-3.5,-1,0.42171976,0.5238095238095238,-0.10208976380952384,0.5,FALSE,FALSE,2026-10-01T20:14:49Z,2026-10-04T02:30:00Z
5,Baylor Bears@Arizona State Sun Devils,Arizona State Sun Devils,Fanatics,-4,-110,-3.5,-1,0.42171976,0.5238095238095238,-0.10208976380952384,0.5,FALSE,FALSE,2026-10-01T20:14:27Z,2026-10-04T02:30:00Z
5,Baylor Bears@Arizona State Sun Devils,Arizona State Sun Devils,Caesars,-3.5,-117,-3.5,-1,0.43745364,0.5391705069124424,-0.10171686691244242,0,FALSE,FALSE,2026-10-01T20:12:30Z,2026-10-04T02:30:00Z
5,Baylor Bears@Arizona State Sun Devils,Arizona State Sun Devils,DraftKings,-3.5,-115,-3.5,-1,0.43745364,0.5348837209302325,-0.09743008093023253,0,FALSE,FALSE,2026-10-01T20:14:26Z,2026-10-04T02:30:00Z
5,Baylor Bears@Arizona State Sun Devils,Arizona State Sun Devils,FanDuel,-3.5,-114,-3.5,-1,0.43745364,0.5327102803738317,-0.09525664037383175,0,FALSE,FALSE,2026-10-01T20:15:05Z,2026-10-04T02:30:00Z
5,Baylor Bears@Arizona State Sun Devils,Arizona State Sun Devils,theScore Bet,-3.5,-110,-3.5,-1,0.43745364,0.5238095238095238,-0.08635588380952386,0,TRUE,TRUE,2026-10-01T20:14:32Z,2026-10-04T02:30:00Z
5,Baylor Bears@Arizona State Sun Devils,Baylor Bears,Caesars,3.5,-104,3.5,1,0.56069795,0.5098039215686274,0.050894028431372584,0,TRUE,TRUE,2026-10-01T20:12:30Z,2026-10-04T02:30:00Z
5,Baylor Bears@Arizona State Sun Devils,Baylor Bears,DraftKings,3.5,-105,3.5,1,0.56069795,0.5121951219512195,0.04850282804878048,0,FALSE,FALSE,2026-10-01T20:14:26Z,2026-10-04T02:30:00Z
5,Baylor Bears@Arizona State Sun Devils,Baylor Bears,FanDuel,3.5,-106,3.5,1,0.56069795,0.5145631067961165,0.0461348432038835,0,FALSE,FALSE,2026-10-01T20:15:05Z,2026-10-04T02:30:00Z
5,Baylor Bears@Arizona State Sun Devils,Baylor Bears,theScore Bet,3.5,-110,3.5,1,0.56069795,0.5238095238095238,0.036888426190476165,0,FALSE,FALSE,2026-10-01T20:14:32Z,2026-10-04T02:30:00Z
5,Baylor Bears@Arizona State Sun Devils,Baylor Bears,BetMGM,4,-108,3.5,1,0.56069795,0.5192307692307693,0.04146718076923073,0.5,FALSE,FALSE,2026-10-01T20:14:49Z,2026-10-04T02:30:00Z
5,Baylor Bears@Arizona State Sun Devils,Baylor Bears,Fanatics,4,-110,3.5,1,0.56069795,0.5238095238095238,0.036888426190476165,0.5,FALSE,FALSE,2026-10-01T20:14:27Z,2026-10-04T02:30:00Z
5,Boston College Eagles@SMU Mustangs,Boston College Eagles,BetMGM,21,-105,21.5,23,0.46256513,0.5121951219512195,-0.04962999195121953,0.5,FALSE,FALSE,2026-10-01T20:14:49Z,2026-10-03T16:00:00Z
5,Boston College Eagles@SMU Mustangs,Boston College Eagles,DraftKings,21.5,-115,21.5,23,0.48569555,0.5348837209302325,-0.04918817093023253,0,TRUE,TRUE,2026-10-01T20:14:25Z,2026-10-03T16:00:00Z
5,Boston College Eagles@SMU Mustangs,Boston College Eagles,FanDuel,21.5,-115,21.5,23,0.48569555,0.5348837209302325,-0.04918817093023253,0,FALSE,FALSE,2026-10-01T20:15:05Z,2026-10-03T16:00:00Z
5,Boston College Eagles@SMU Mustangs,Boston College Eagles,Fanatics,21.5,-115,21.5,23,0.48569555,0.5348837209302325,-0.04918817093023253,0,FALSE,FALSE,2026-10-01T20:14:27Z,2026-10-03T16:00:00Z
5,Boston College Eagles@SMU Mustangs,Boston College Eagles,theScore Bet,21.5,-115,21.5,23,0.48569555,0.5348837209302325,-0.04918817093023253,0,FALSE,FALSE,2026-10-01T20:14:32Z,2026-10-03T16:00:00Z
5,Boston College Eagles@SMU Mustangs,SMU Mustangs,DraftKings,-21.5,-105,-21.5,-23,0.51466093,0.5121951219512195,0.0024658080487804934,0,TRUE,TRUE,2026-10-01T20:14:25Z,2026-10-03T16:00:00Z
5,Boston College Eagles@SMU Mustangs,SMU Mustangs,FanDuel,-21.5,-105,-21.5,-23,0.51466093,0.5121951219512195,0.0024658080487804934,0,FALSE,FALSE,2026-10-01T20:15:05Z,2026-10-03T16:00:00Z
5,Boston College Eagles@SMU Mustangs,SMU Mustangs,Fanatics,-21.5,-105,-21.5,-23,0.51466093,0.5121951219512195,0.0024658080487804934,0,FALSE,FALSE,2026-10-01T20:14:27Z,2026-10-03T16:00:00Z
5,Boston College Eagles@SMU Mustangs,SMU Mustangs,theScore Bet,-21.5,-105,-21.5,-23,0.51466093,0.5121951219512195,0.0024658080487804934,0,FALSE,FALSE,2026-10-01T20:14:32Z,2026-10-03T16:00:00Z
5,Boston College Eagles@SMU Mustangs,SMU Mustangs,BetMGM,-21,-112,-21.5,-23,0.51466093,0.5283018867924528,-0.013640956792452807,0.5,FALSE,FALSE,2026-10-01T20:14:49Z,2026-10-03T16:00:00Z
5,Bowling Green Falcons@Miami (OH) RedHawks,Bowling Green Falcons,BetMGM,13.5,-110,13.5,11.5,0.55065524,0.5238095238095238,0.026845716190476154,0,TRUE,TRUE,2026-10-01T20:14:49Z,2026-10-03T19:30:00Z
5,Bowling Green Falcons@Miami (OH) RedHawks,Bowling Green Falcons,DraftKings,13.5,-110,13.5,11.5,0.55065524,0.5238095238095238,0.026845716190476154,0,FALSE,FALSE,2026-10-01T20:14:26Z,2026-10-03T19:30:00Z
5,Bowling Green Falcons@Miami (OH) RedHawks,Bowling Green Falcons,FanDuel,13.5,-115,13.5,11.5,0.55065524,0.5348837209302325,0.01577151906976748,0,FALSE,FALSE,2026-10-01T20:15:05Z,2026-10-03T19:30:00Z
5,Bowling Green Falcons@Miami (OH) RedHawks,Bowling Green Falcons,Fanatics,13.5,-110,13.5,11.5,0.55065524,0.5238095238095238,0.026845716190476154,0,FALSE,FALSE,2026-10-01T20:14:27Z,2026-10-03T19:30:00Z
5,Bowling Green Falcons@Miami (OH) RedHawks,Bowling Green Falcons,theScore Bet,13.5,-115,13.5,11.5,0.55065524,0.5348837209302325,0.01577151906976748,0,FALSE,FALSE,2026-10-01T20:14:32Z,2026-10-03T19:30:00Z
5,Bowling Green Falcons@Miami (OH) RedHawks,Miami (OH) RedHawks,BetMGM,-13.5,-108,-13.5,-11.5,0.44288493,0.5192307692307693,-0.07634583923076926,0,FALSE,FALSE,2026-10-01T20:14:49Z,2026-10-03T19:30:00Z
5,Bowling Green Falcons@Miami (OH) RedHawks,Miami (OH) RedHawks,DraftKings,-13.5,-110,-13.5,-11.5,0.44288493,0.5238095238095238,-0.08092459380952383,0,FALSE,FALSE,2026-10-01T20:14:26Z,2026-10-03T19:30:00Z
5,Bowling Green Falcons@Miami (OH) RedHawks,Miami (OH) RedHawks,FanDuel,-13.5,-105,-13.5,-11.5,0.44288493,0.5121951219512195,-0.06931019195121951,0,TRUE,TRUE,2026-10-01T20:15:05Z,2026-10-03T19:30:00Z
5,Bowling Green Falcons@Miami (OH) RedHawks,Miami (OH) RedHawks,Fanatics,-13.5,-110,-13.5,-11.5,0.44288493,0.5238095238095238,-0.08092459380952383,0,FALSE,FALSE,2026-10-01T20:14:27Z,2026-10-03T19:30:00Z
5,Bowling Green Falcons@Miami (OH) RedHawks,Miami (OH) RedHawks,theScore Bet,-13.5,-105,-13.5,-11.5,0.44288493,0.5121951219512195,-0.06931019195121951,0,FALSE,FALSE,2026-10-01T20:14:32Z,2026-10-03T19:30:00Z
5,California Golden Bears@UNLV Rebels,California Golden Bears,BetMGM,2.5,-102,2.5,5,0.45251285,0.504950495049505,-0.05243764504950493,0,TRUE,TRUE,2026-10-01T20:14:49Z,2026-10-03T19:30:00Z
5,California Golden Bears@UNLV Rebels,California Golden Bears,Caesars,2.5,-106,2.5,5,0.45251285,0.5145631067961165,-0.062050256796116476,0,FALSE,FALSE,2026-10-01T20:12:30Z,2026-10-03T19:30:00Z
5,California Golden Bears@UNLV Rebels,California Golden Bears,DraftKings,2.5,-102,2.5,5,0.45251285,0.504950495049505,-0.05243764504950493,0,FALSE,FALSE,2026-10-01T20:14:26Z,2026-10-03T19:30:00Z
5,California Golden Bears@UNLV Rebels,California Golden Bears,FanDuel,2.5,-108,2.5,5,0.45251285,0.5192307692307693,-0.06671791923076925,0,FALSE,FALSE,2026-10-01T20:15:05Z,2026-10-03T19:30:00Z
5,California Golden Bears@UNLV Rebels,California Golden Bears,Fanatics,2.5,-105,2.5,5,0.45251285,0.5121951219512195,-0.0596822719512195,0,FALSE,FALSE,2026-10-01T20:14:27Z,2026-10-03T19:30:00Z
5,California Golden Bears@UNLV Rebels,California Golden Bears,theScore Bet,2.5,-110,2.5,5,0.45251285,0.5238095238095238,-0.07129667380952381,0,FALSE,FALSE,2026-10-01T20:14:32Z,2026-10-03T19:30:00Z
5,California Golden Bears@UNLV Rebels,UNLV Rebels,BetMGM,-2.5,-118,-2.5,-5,0.54439007,0.5412844036697247,0.003105666330275203,0,FALSE,FALSE,2026-10-01T20:14:49Z,2026-10-03T19:30:00Z
5,California Golden Bears@UNLV Rebels,UNLV Rebels,Caesars,-2.5,-115,-2.5,-5,0.54439007,0.5348837209302325,0.009506349069767439,0,FALSE,FALSE,2026-10-01T20:12:30Z,2026-10-03T19:30:00Z
5,California Golden Bears@UNLV Rebels,UNLV Rebels,DraftKings,-2.5,-118,-2.5,-5,0.54439007,0.5412844036697247,0.003105666330275203,0,FALSE,FALSE,2026-10-01T20:14:26Z,2026-10-03T19:30:00Z
5,California Golden Bears@UNLV Rebels,UNLV Rebels,FanDuel,-2.5,-112,-2.5,-5,0.54439007,0.5283018867924528,0.016088183207547124,0,FALSE,FALSE,2026-10-01T20:15:05Z,2026-10-03T19:30:00Z
5,California Golden Bears@UNLV Rebels,UNLV Rebels,Fanatics,-2.5,-115,-2.5,-5,0.54439007,0.5348837209302325,0.009506349069767439,0,FALSE,FALSE,2026-10-01T20:14:27Z,2026-10-03T19:30:00Z
5,California Golden Bears@UNLV Rebels,UNLV Rebels,theScore Bet,-2.5,-110,-2.5,-5,0.54439007,0.5238095238095238,0.020580546190476112,0,TRUE,TRUE,2026-10-01T20:14:32Z,2026-10-03T19:30:00Z
5,Cincinnati Bearcats@Arizona Wildcats,Arizona Wildcats,Fanatics,-7,-105,-6.5,-7.5,0.47302868,0.5121951219512195,-0.039166441951219544,0.5,FALSE,FALSE,2026-10-01T20:14:27Z,2026-10-04T03:00:00Z
5,Cincinnati Bearcats@Arizona Wildcats,Arizona Wildcats,BetMGM,-6.5,-112,-6.5,-7.5,0.50212253,0.5283018867924528,-0.026179356792452868,0,FALSE,FALSE,2026-10-01T20:14:49Z,2026-10-04T03:00:00Z
5,Cincinnati Bearcats@Arizona Wildcats,Arizona Wildcats,Caesars,-6.5,-109,-6.5,-7.5,0.50212253,0.5215311004784688,-0.01940857047846889,0,TRUE,TRUE,2026-10-01T20:12:30Z,2026-10-04T03:00:00Z
5,Cincinnati Bearcats@Arizona Wildcats,Arizona Wildcats,DraftKings,-6.5,-115,-6.5,-7.5,0.50212253,0.5348837209302325,-0.03276119093023255,0,FALSE,FALSE,2026-10-01T20:14:26Z,2026-10-04T03:00:00Z
5,Cincinnati Bearcats@Arizona Wildcats,Arizona Wildcats,FanDuel,-6.5,-115,-6.5,-7.5,0.50212253,0.5348837209302325,-0.03276119093023255,0,FALSE,FALSE,2026-10-01T20:15:05Z,2026-10-04T03:00:00Z
5,Cincinnati Bearcats@Arizona Wildcats,Arizona Wildcats,theScore Bet,-6.5,-110,-6.5,-7.5,0.50212253,0.5238095238095238,-0.02168699380952388,0,FALSE,FALSE,2026-10-01T20:14:32Z,2026-10-04T03:00:00Z
5,Cincinnati Bearcats@Arizona Wildcats,Cincinnati Bearcats,BetMGM,6.5,-105,6.5,7.5,0.49546116,0.5121951219512195,-0.01673396195121951,0,TRUE,TRUE,2026-10-01T20:14:49Z,2026-10-04T03:00:00Z
5,Cincinnati Bearcats@Arizona Wildcats,Cincinnati Bearcats,Caesars,6.5,-110,6.5,7.5,0.49546116,0.5238095238095238,-0.028348363809523824,0,FALSE,FALSE,2026-10-01T20:12:30Z,2026-10-04T03:00:00Z
5,Cincinnati Bearcats@Arizona Wildcats,Cincinnati Bearcats,DraftKings,6.5,-105,6.5,7.5,0.49546116,0.5121951219512195,-0.01673396195121951,0,FALSE,FALSE,2026-10-01T20:14:26Z,2026-10-04T03:00:00Z
5,Cincinnati Bearcats@Arizona Wildcats,Cincinnati Bearcats,FanDuel,6.5,-105,6.5,7.5,0.49546116,0.5121951219512195,-0.01673396195121951,0,FALSE,FALSE,2026-10-01T20:15:05Z,2026-10-04T03:00:00Z
5,Cincinnati Bearcats@Arizona Wildcats,Cincinnati Bearcats,theScore Bet,6.5,-110,6.5,7.5,0.49546116,0.5238095238095238,-0.028348363809523824,0,FALSE,FALSE,2026-10-01T20:14:32Z,2026-10-04T03:00:00Z
5,Cincinnati Bearcats@Arizona Wildcats,Cincinnati Bearcats,Fanatics,7,-115,6.5,7.5,0.49546116,0.5348837209302325,-0.0394225609302325,0.5,FALSE,FALSE,2026-10-01T20:14:27Z,2026-10-04T03:00:00Z
5,Eastern Michigan Eagles@UMass Minutemen,Eastern Michigan Eagles,Fanatics,5.5,-110,6,-0.5,0.62989608,0.5238095238095238,0.10608655619047613,0.5,FALSE,FALSE,2026-10-01T20:14:27Z,2026-10-03T19:30:00Z
5,Eastern Michigan Eagles@UMass Minutemen,Eastern Michigan Eagles,theScore Bet,5.5,-105,6,-0.5,0.62989608,0.5121951219512195,0.11770095804878045,0.5,FALSE,TRUE,2026-10-01T20:14:32Z,2026-10-03T19:30:00Z
5,Eastern Michigan Eagles@UMass Minutemen,Eastern Michigan Eagles,BetMGM,6,-110,6,-0.5,0.62989608,0.5238095238095238,0.10608655619047613,0,TRUE,FALSE,2026-10-01T20:14:49Z,2026-10-03T19:30:00Z
5,Eastern Michigan Eagles@UMass Minutemen,Eastern Michigan Eagles,DraftKings,6,-112,6,-0.5,0.62989608,0.5283018867924528,0.10159419320754715,0,FALSE,FALSE,2026-10-01T20:14:26Z,2026-10-03T19:30:00Z
5,Eastern Michigan Eagles@UMass Minutemen,Eastern Michigan Eagles,FanDuel,6.5,-115,6,-0.5,0.64755397,0.5348837209302325,0.11267024906976753,0.5,FALSE,FALSE,2026-10-01T20:15:05Z,2026-10-03T19:30:00Z
5,Eastern Michigan Eagles@UMass Minutemen,UMass Minutemen,FanDuel,-6.5,-105,-6,0.5,0.3540396,0.5121951219512195,-0.1581555219512195,0.5,FALSE,FALSE,2026-10-01T20:15:05Z,2026-10-03T19:30:00Z
5,Eastern Michigan Eagles@UMass Minutemen,UMass Minutemen,BetMGM,-6,-108,-6,0.5,0.3540396,0.5192307692307693,-0.16519116923076926,0,TRUE,FALSE,2026-10-01T20:14:49Z,2026-10-03T19:30:00Z
5,Eastern Michigan Eagles@UMass Minutemen,UMass Minutemen,DraftKings,-6,-108,-6,0.5,0.3540396,0.5192307692307693,-0.16519116923076926,0,FALSE,FALSE,2026-10-01T20:14:26Z,2026-10-03T19:30:00Z
5,Eastern Michigan Eagles@UMass Minutemen,UMass Minutemen,Fanatics,-5.5,-110,-6,0.5,0.37220544,0.5238095238095238,-0.15160408380952384,0.5,FALSE,TRUE,2026-10-01T20:14:27Z,2026-10-03T19:30:00Z
5,Eastern Michigan Eagles@UMass Minutemen,UMass Minutemen,theScore Bet,-5.5,-115,-6,0.5,0.37220544,0.5348837209302325,-0.1626782809302325,0.5,FALSE,FALSE,2026-10-01T20:14:32Z,2026-10-03T19:30:00Z
5,Florida Gators@Missouri Tigers,Florida Gators,BetMGM,-5.5,-108,-5.5,-5,0.475216,0.5192307692307693,-0.044014769230769246,0,FALSE,FALSE,2026-10-01T20:14:49Z,2026-10-03T19:30:00Z
5,Florida Gators@Missouri Tigers,Florida Gators,DraftKings,-5.5,-105,-5.5,-5,0.475216,0.5121951219512195,-0.036979121951219496,0,TRUE,TRUE,2026-10-01T20:14:26Z,2026-10-03T19:30:00Z
5,Florida Gators@Missouri Tigers,Florida Gators,Fanatics,-5.5,-110,-5.5,-5,0.475216,0.5238095238095238,-0.04859352380952381,0,FALSE,FALSE,2026-10-01T20:14:27Z,2026-10-03T19:30:00Z
5,Florida Gators@Missouri Tigers,Florida Gators,theScore Bet,-5.5,-105,-5.5,-5,0.475216,0.5121951219512195,-0.036979121951219496,0,FALSE,FALSE,2026-10-01T20:14:32Z,2026-10-03T19:30:00Z
5,Florida Gators@Missouri Tigers,Florida Gators,Caesars,-4.5,-115,-5.5,-5,0.49002662,0.5348837209302325,-0.044857100930232485,1,FALSE,FALSE,2026-10-01T20:12:30Z,2026-10-03T19:30:00Z
5,Florida Gators@Missouri Tigers,Florida Gators,FanDuel,-4.5,-120,-5.5,-5,0.49002662,0.5454545454545454,-0.05542792545454539,1,FALSE,FALSE,2026-10-01T20:15:05Z,2026-10-03T19:30:00Z
5,Florida Gators@Missouri Tigers,Missouri Tigers,Caesars,4.5,-105,5.5,5,0.50887085,0.5121951219512195,-0.0033242719512195373,1,FALSE,FALSE,2026-10-01T20:12:30Z,2026-10-03T19:30:00Z
5,Florida Gators@Missouri Tigers,Missouri Tigers,FanDuel,4.5,-102,5.5,5,0.50887085,0.504950495049505,0.003920354950495031,1,FALSE,TRUE,2026-10-01T20:15:05Z,2026-10-03T19:30:00Z
5,Florida Gators@Missouri Tigers,Missouri Tigers,BetMGM,5.5,-110,5.5,5,0.52227278,0.5238095238095238,-0.001536743809523844,0,TRUE,FALSE,2026-10-01T20:14:49Z,2026-10-03T19:30:00Z
5,Florida Gators@Missouri Tigers,Missouri Tigers,DraftKings,5.5,-115,5.5,5,0.52227278,0.5348837209302325,-0.012610940930232517,0,FALSE,FALSE,2026-10-01T20:14:26Z,2026-10-03T19:30:00Z
5,Florida Gators@Missouri Tigers,Missouri Tigers,Fanatics,5.5,-110,5.5,5,0.52227278,0.5238095238095238,-0.001536743809523844,0,FALSE,FALSE,2026-10-01T20:14:27Z,2026-10-03T19:30:00Z
5,Florida Gators@Missouri Tigers,Missouri Tigers,theScore Bet,5.5,-115,5.5,5,0.52227278,0.5348837209302325,-0.012610940930232517,0,FALSE,FALSE,2026-10-01T20:14:32Z,2026-10-03T19:30:00Z
5,Fresno State Bulldogs@Washington State Cougars,Fresno State Bulldogs,Caesars,1.5,-103,1.5,5.5,0.41537326,0.5073891625615764,-0.09201590256157638,0,TRUE,TRUE,2026-10-01T20:12:30Z,2026-10-04T01:30:00Z
5,Fresno State Bulldogs@Washington State Cougars,Fresno State Bulldogs,DraftKings,1.5,-105,1.5,5.5,0.41537326,0.5121951219512195,-0.0968218619512195,0,FALSE,FALSE,2026-10-01T20:14:26Z,2026-10-04T01:30:00Z
5,Fresno State Bulldogs@Washington State Cougars,Fresno State Bulldogs,FanDuel,1.5,-106,1.5,5.5,0.41537326,0.5145631067961165,-0.09918984679611648,0,FALSE,FALSE,2026-10-01T20:15:05Z,2026-10-04T01:30:00Z
5,Fresno State Bulldogs@Washington State Cougars,Fresno State Bulldogs,Fanatics,1.5,-110,1.5,5.5,0.41537326,0.5238095238095238,-0.10843626380952381,0,FALSE,FALSE,2026-10-01T20:14:27Z,2026-10-04T01:30:00Z
5,Fresno State Bulldogs@Washington State Cougars,Fresno State Bulldogs,theScore Bet,1.5,-115,1.5,5.5,0.41537326,0.5348837209302325,-0.11951046093023249,0,FALSE,FALSE,2026-10-01T20:14:32Z,2026-10-04T01:30:00Z
5,Fresno State Bulldogs@Washington State Cougars,Fresno State Bulldogs,BetMGM,2,-110,1.5,5.5,0.41537326,0.5238095238095238,-0.10843626380952381,0.5,FALSE,FALSE,2026-10-01T20:14:49Z,2026-10-04T01:30:00Z
5,Fresno State Bulldogs@Washington State Cougars,Washington State Cougars,BetMGM,-2,-108,-1.5,-5.5,0.56333356,0.5192307692307693,0.04410279076923074,0.5,FALSE,FALSE,2026-10-01T20:14:49Z,2026-10-04T01:30:00Z
5,Fresno State Bulldogs@Washington State Cougars,Washington State Cougars,Caesars,-1.5,-118,-1.5,-5.5,0.57982185,0.5412844036697247,0.03853744633027523,0,FALSE,FALSE,2026-10-01T20:12:30Z,2026-10-04T01:30:00Z
5,Fresno State Bulldogs@Washington State Cougars,Washington State Cougars,DraftKings,-1.5,-115,-1.5,-5.5,0.57982185,0.5348837209302325,0.04493812906976746,0,FALSE,FALSE,2026-10-01T20:14:26Z,2026-10-04T01:30:00Z
5,Fresno State Bulldogs@Washington State Cougars,Washington State Cougars,FanDuel,-1.5,-114,-1.5,-5.5,0.57982185,0.5327102803738317,0.04711156962616825,0,FALSE,FALSE,2026-10-01T20:15:05Z,2026-10-04T01:30:00Z
5,Fresno State Bulldogs@Washington State Cougars,Washington State Cougars,Fanatics,-1.5,-110,-1.5,-5.5,0.57982185,0.5238095238095238,0.056012326190476136,0,FALSE,FALSE,2026-10-01T20:14:27Z,2026-10-04T01:30:00Z
5,Fresno State Bulldogs@Washington State Cougars,Washington State Cougars,theScore Bet,-1.5,-105,-1.5,-5.5,0.57982185,0.5121951219512195,0.06762672804878045,0,TRUE,TRUE,2026-10-01T20:14:32Z,2026-10-04T01:30:00Z
5,Georgia Southern Eagles@Coastal Carolina Chanticleers,Coastal Carolina Chanticleers,DraftKings,1.5,-105,1.5,2.5,0.48039765,0.5121951219512195,-0.031797471951219514,0,TRUE,TRUE,2026-10-01T20:14:26Z,2026-10-03T23:00:00Z
5,Georgia Southern Eagles@Coastal Carolina Chanticleers,Coastal Carolina Chanticleers,FanDuel,1.5,-110,1.5,2.5,0.48039765,0.5238095238095238,-0.04341187380952383,0,FALSE,FALSE,2026-10-01T20:15:05Z,2026-10-03T23:00:00Z
5,Georgia Southern Eagles@Coastal Carolina Chanticleers,Coastal Carolina Chanticleers,Fanatics,1.5,-110,1.5,2.5,0.48039765,0.5238095238095238,-0.04341187380952383,0,FALSE,FALSE,2026-10-01T20:14:27Z,2026-10-03T23:00:00Z
5,Georgia Southern Eagles@Coastal Carolina Chanticleers,Coastal Carolina Chanticleers,theScore Bet,1.5,-110,1.5,2.5,0.48039765,0.5238095238095238,-0.04341187380952383,0,FALSE,FALSE,2026-10-01T20:14:32Z,2026-10-03T23:00:00Z
5,Georgia Southern Eagles@Coastal Carolina Chanticleers,Coastal Carolina Chanticleers,BetMGM,2,-110,1.5,2.5,0.48039765,0.5238095238095238,-0.04341187380952383,0.5,FALSE,FALSE,2026-10-01T20:14:49Z,2026-10-03T23:00:00Z
5,Georgia Southern Eagles@Coastal Carolina Chanticleers,Georgia Southern Eagles,BetMGM,-2,-108,-1.5,-2.5,0.50160871,0.5192307692307693,-0.017622059230769316,0.5,FALSE,FALSE,2026-10-01T20:14:49Z,2026-10-03T23:00:00Z
5,Georgia Southern Eagles@Coastal Carolina Chanticleers,Georgia Southern Eagles,DraftKings,-1.5,-115,-1.5,-2.5,0.51674859,0.5348837209302325,-0.018135130930232557,0,FALSE,FALSE,2026-10-01T20:14:26Z,2026-10-03T23:00:00Z
5,Georgia Southern Eagles@Coastal Carolina Chanticleers,Georgia Southern Eagles,FanDuel,-1.5,-110,-1.5,-2.5,0.51674859,0.5238095238095238,-0.007060933809523884,0,TRUE,TRUE,2026-10-01T20:15:05Z,2026-10-03T23:00:00Z
5,Georgia Southern Eagles@Coastal Carolina Chanticleers,Georgia Southern Eagles,Fanatics,-1.5,-110,-1.5,-2.5,0.51674859,0.5238095238095238,-0.007060933809523884,0,FALSE,FALSE,2026-10-01T20:14:27Z,2026-10-03T23:00:00Z
5,Georgia Southern Eagles@Coastal Carolina Chanticleers,Georgia Southern Eagles,theScore Bet,-1.5,-110,-1.5,-2.5,0.51674859,0.5238095238095238,-0.007060933809523884,0,FALSE,FALSE,2026-10-01T20:14:32Z,2026-10-03T23:00:00Z
5,Indiana Hoosiers@Rutgers Scarlet Knights,Indiana Hoosiers,BetMGM,-24.5,-108,-24.5,-27.5,0.54369519,0.5192307692307693,0.02446442076923072,0,FALSE,FALSE,2026-10-01T20:14:49Z,2026-10-04T00:00:00Z
5,Indiana Hoosiers@Rutgers Scarlet Knights,Indiana Hoosiers,Caesars,-24.5,-106,-24.5,-27.5,0.54369519,0.5145631067961165,0.029132083203883496,0,FALSE,FALSE,2026-10-01T20:12:30Z,2026-10-04T00:00:00Z
5,Indiana Hoosiers@Rutgers Scarlet Knights,Indiana Hoosiers,DraftKings,-24.5,-108,-24.5,-27.5,0.54369519,0.5192307692307693,0.02446442076923072,0,FALSE,FALSE,2026-10-01T20:14:26Z,2026-10-04T00:00:00Z
5,Indiana Hoosiers@Rutgers Scarlet Knights,Indiana Hoosiers,FanDuel,-24.5,-105,-24.5,-27.5,0.54369519,0.5121951219512195,0.03150006804878047,0,TRUE,TRUE,2026-10-01T20:15:05Z,2026-10-04T00:00:00Z
5,Indiana Hoosiers@Rutgers Scarlet Knights,Indiana Hoosiers,Fanatics,-24.5,-110,-24.5,-27.5,0.54369519,0.5238095238095238,0.01988566619047616,0,FALSE,FALSE,2026-10-01T20:14:27Z,2026-10-04T00:00:00Z
5,Indiana Hoosiers@Rutgers Scarlet Knights,Indiana Hoosiers,theScore Bet,-24.5,-115,-24.5,-27.5,0.54369519,0.5348837209302325,0.008811469069767486,0,FALSE,FALSE,2026-10-01T20:14:32Z,2026-10-04T00:00:00Z
5,Indiana Hoosiers@Rutgers Scarlet Knights,Rutgers Scarlet Knights,BetMGM,24.5,-110,24.5,27.5,0.45561481,0.5238095238095238,-0.06819471380952385,0,FALSE,FALSE,2026-10-01T20:14:49Z,2026-10-04T00:00:00Z
5,Indiana Hoosiers@Rutgers Scarlet Knights,Rutgers Scarlet Knights,Caesars,24.5,-114,24.5,27.5,0.45561481,0.5327102803738317,-0.07709547037383174,0,FALSE,FALSE,2026-10-01T20:12:30Z,2026-10-04T00:00:00Z
5,Indiana Hoosiers@Rutgers Scarlet Knights,Rutgers Scarlet Knights,DraftKings,24.5,-112,24.5,27.5,0.45561481,0.5283018867924528,-0.07268707679245284,0,FALSE,FALSE,2026-10-01T20:14:26Z,2026-10-04T00:00:00Z
5,Indiana Hoosiers@Rutgers Scarlet Knights,Rutgers Scarlet Knights,FanDuel,24.5,-115,24.5,27.5,0.45561481,0.5348837209302325,-0.07926891093023253,0,FALSE,FALSE,2026-10-01T20:15:05Z,2026-10-04T00:00:00Z
5,Indiana Hoosiers@Rutgers Scarlet Knights,Rutgers Scarlet Knights,Fanatics,24.5,-110,24.5,27.5,0.45561481,0.5238095238095238,-0.06819471380952385,0,FALSE,FALSE,2026-10-01T20:14:27Z,2026-10-04T00:00:00Z
5,Indiana Hoosiers@Rutgers Scarlet Knights,Rutgers Scarlet Knights,theScore Bet,24.5,-105,24.5,27.5,0.45561481,0.5121951219512195,-0.05658031195121954,0,TRUE,TRUE,2026-10-01T20:14:32Z,2026-10-04T00:00:00Z
5,Kentucky Wildcats@South Carolina Gamecocks,Kentucky Wildcats,Caesars,3,-106,3,6.5,0.42706139,0.5145631067961165,-0.08750171679611651,0,FALSE,FALSE,2026-10-01T20:12:30Z,2026-10-03T20:15:00Z
5,Kentucky Wildcats@South Carolina Gamecocks,Kentucky Wildcats,DraftKings,3,-102,3,6.5,0.42706139,0.504950495049505,-0.07788910504950497,0,TRUE,FALSE,2026-10-01T20:14:26Z,2026-10-03T20:15:00Z
5,Kentucky Wildcats@South Carolina Gamecocks,Kentucky Wildcats,Fanatics,3,-105,3,6.5,0.42706139,0.5121951219512195,-0.08513373195121954,0,FALSE,FALSE,2026-10-01T20:14:27Z,2026-10-03T20:15:00Z
5,Kentucky Wildcats@South Carolina Gamecocks,Kentucky Wildcats,BetMGM,3.5,-112,3,6.5,0.46655657,0.5283018867924528,-0.06174531679245282,0.5,FALSE,TRUE,2026-10-01T20:14:49Z,2026-10-03T20:15:00Z
5,Kentucky Wildcats@South Carolina Gamecocks,Kentucky Wildcats,FanDuel,3.5,-120,3,6.5,0.46655657,0.5454545454545454,-0.07889797545454541,0.5,FALSE,FALSE,2026-10-01T20:15:05Z,2026-10-03T20:15:00Z
5,Kentucky Wildcats@South Carolina Gamecocks,Kentucky Wildcats,theScore Bet,3.5,-120,3,6.5,0.46655657,0.5454545454545454,-0.07889797545454541,0.5,FALSE,FALSE,2026-10-01T20:14:32Z,2026-10-03T20:15:00Z
5,Kentucky Wildcats@South Carolina Gamecocks,South Carolina Gamecocks,BetMGM,-3.5,-105,-3,-6.5,0.53166507,0.5121951219512195,0.01946994804878044,0.5,FALSE,FALSE,2026-10-01T20:14:49Z,2026-10-03T20:15:00Z
5,Kentucky Wildcats@South Carolina Gamecocks,South Carolina Gamecocks,FanDuel,-3.5,-102,-3,-6.5,0.53166507,0.504950495049505,0.026714574950495007,0.5,FALSE,FALSE,2026-10-01T20:15:05Z,2026-10-03T20:15:00Z
5,Kentucky Wildcats@South Carolina Gamecocks,South Carolina Gamecocks,theScore Bet,-3.5,100,-3,-6.5,0.53166507,0.5,0.03166506999999996,0.5,FALSE,TRUE,2026-10-01T20:14:32Z,2026-10-03T20:15:00Z
5,Kentucky Wildcats@South Carolina Gamecocks,South Carolina Gamecocks,Caesars,-3,-115,-3,-6.5,0.53166507,0.5348837209302325,-0.0032186509302325472,0,TRUE,FALSE,2026-10-01T20:12:30Z,2026-10-03T20:15:00Z
5,Kentucky Wildcats@South Carolina Gamecocks,South Carolina Gamecocks,DraftKings,-3,-118,-3,-6.5,0.53166507,0.5412844036697247,-0.009619333669724783,0,FALSE,FALSE,2026-10-01T20:14:26Z,2026-10-03T20:15:00Z
5,Kentucky Wildcats@South Carolina Gamecocks,South Carolina Gamecocks,Fanatics,-3,-115,-3,-6.5,0.53166507,0.5348837209302325,-0.0032186509302325472,0,FALSE,FALSE,2026-10-01T20:14:27Z,2026-10-03T20:15:00Z
5,Liberty Flames@Delaware Blue Hens,Delaware Blue Hens,BetMGM,6.5,-105,6.5,8,0.4868199,0.5121951219512195,-0.025375221951219495,0,FALSE,FALSE,2026-10-01T20:14:49Z,2026-10-02T23:00:00Z
5,Liberty Flames@Delaware Blue Hens,Delaware Blue Hens,Caesars,6.5,-104,6.5,8,0.4868199,0.5098039215686274,-0.02298402156862739,0,TRUE,TRUE,2026-10-01T20:12:30Z,2026-10-02T23:00:00Z
5,Liberty Flames@Delaware Blue Hens,Delaware Blue Hens,DraftKings,6.5,-105,6.5,8,0.4868199,0.5121951219512195,-0.025375221951219495,0,FALSE,FALSE,2026-10-01T20:14:25Z,2026-10-02T23:00:00Z
5,Liberty Flames@Delaware Blue Hens,Delaware Blue Hens,FanDuel,6.5,-105,6.5,8,0.4868199,0.5121951219512195,-0.025375221951219495,0,FALSE,FALSE,2026-10-01T20:15:05Z,2026-10-02T23:00:00Z
5,Liberty Flames@Delaware Blue Hens,Delaware Blue Hens,Fanatics,6.5,-105,6.5,8,0.4868199,0.5121951219512195,-0.025375221951219495,0,FALSE,FALSE,2026-10-01T20:14:27Z,2026-10-02T23:00:00Z
5,Liberty Flames@Delaware Blue Hens,Liberty Flames,BetMGM,-6.5,-112,-6.5,-8,0.510771,0.5283018867924528,-0.01753088679245285,0,TRUE,TRUE,2026-10-01T20:14:49Z,2026-10-02T23:00:00Z
5,Liberty Flames@Delaware Blue Hens,Liberty Flames,Caesars,-6.5,-117,-6.5,-8,0.510771,0.5391705069124424,-0.028399506912442418,0,FALSE,FALSE,2026-10-01T20:12:30Z,2026-10-02T23:00:00Z
5,Liberty Flames@Delaware Blue Hens,Liberty Flames,DraftKings,-6.5,-115,-6.5,-8,0.510771,0.5348837209302325,-0.024112720930232534,0,FALSE,FALSE,2026-10-01T20:14:25Z,2026-10-02T23:00:00Z
5,Liberty Flames@Delaware Blue Hens,Liberty Flames,FanDuel,-6.5,-115,-6.5,-8,0.510771,0.5348837209302325,-0.024112720930232534,0,FALSE,FALSE,2026-10-01T20:15:05Z,2026-10-02T23:00:00Z
5,Liberty Flames@Delaware Blue Hens,Liberty Flames,Fanatics,-6.5,-115,-6.5,-8,0.510771,0.5348837209302325,-0.024112720930232534,0,FALSE,FALSE,2026-10-01T20:14:27Z,2026-10-02T23:00:00Z
5,Louisville Cardinals@NC State Wolfpack,Louisville Cardinals,BetMGM,-3.5,-110,-3.5,-3.5,0.4801296,0.5238095238095238,-0.043679923809523846,0,FALSE,FALSE,2026-10-01T20:14:49Z,2026-10-03T19:30:00Z
5,Louisville Cardinals@NC State Wolfpack,Louisville Cardinals,Caesars,-3.5,-108,-3.5,-3.5,0.4801296,0.5192307692307693,-0.039101169230769284,0,TRUE,TRUE,2026-10-01T20:12:30Z,2026-10-03T19:30:00Z
5,Louisville Cardinals@NC State Wolfpack,Louisville Cardinals,DraftKings,-3.5,-112,-3.5,-3.5,0.4801296,0.5283018867924528,-0.048172286792452834,0,FALSE,FALSE,2026-10-01T20:14:26Z,2026-10-03T19:30:00Z
5,Louisville Cardinals@NC State Wolfpack,Louisville Cardinals,FanDuel,-3.5,-115,-3.5,-3.5,0.4801296,0.5348837209302325,-0.05475412093023252,0,FALSE,FALSE,2026-10-01T20:15:05Z,2026-10-03T19:30:00Z
5,Louisville Cardinals@NC State Wolfpack,Louisville Cardinals,Fanatics,-3.5,-110,-3.5,-3.5,0.4801296,0.5238095238095238,-0.043679923809523846,0,FALSE,FALSE,2026-10-01T20:14:27Z,2026-10-03T19:30:00Z
5,Louisville Cardinals@NC State Wolfpack,Louisville Cardinals,theScore Bet,-3.5,-115,-3.5,-3.5,0.4801296,0.5348837209302325,-0.05475412093023252,0,FALSE,FALSE,2026-10-01T20:14:32Z,2026-10-03T19:30:00Z
5,Louisville Cardinals@NC State Wolfpack,NC State Wolfpack,BetMGM,3.5,-108,3.5,3.5,0.51805494,0.5192307692307693,-0.0011758292307693097,0,FALSE,FALSE,2026-10-01T20:14:49Z,2026-10-03T19:30:00Z
5,Louisville Cardinals@NC State Wolfpack,NC State Wolfpack,Caesars,3.5,-112,3.5,3.5,0.51805494,0.5283018867924528,-0.01024694679245286,0,FALSE,FALSE,2026-10-01T20:12:30Z,2026-10-03T19:30:00Z
5,Louisville Cardinals@NC State Wolfpack,NC State Wolfpack,DraftKings,3.5,-108,3.5,3.5,0.51805494,0.5192307692307693,-0.0011758292307693097,0,FALSE,FALSE,2026-10-01T20:14:26Z,2026-10-03T19:30:00Z
5,Louisville Cardinals@NC State Wolfpack,NC State Wolfpack,FanDuel,3.5,-105,3.5,3.5,0.51805494,0.5121951219512195,0.005859818048780441,0,TRUE,TRUE,2026-10-01T20:15:05Z,2026-10-03T19:30:00Z
5,Louisville Cardinals@NC State Wolfpack,NC State Wolfpack,Fanatics,3.5,-110,3.5,3.5,0.51805494,0.5238095238095238,-0.005754583809523872,0,FALSE,FALSE,2026-10-01T20:14:27Z,2026-10-03T19:30:00Z
5,Louisville Cardinals@NC State Wolfpack,NC State Wolfpack,theScore Bet,3.5,-105,3.5,3.5,0.51805494,0.5121951219512195,0.005859818048780441,0,FALSE,FALSE,2026-10-01T20:14:32Z,2026-10-03T19:30:00Z
5,Marshall Thundering Herd@James Madison Dukes,James Madison Dukes,DraftKings,-19.5,-108,-19,-22,0.53218175,0.5192307692307693,0.012950980769230735,0.5,FALSE,TRUE,2026-10-01T20:14:26Z,2026-10-03T19:45:00Z
5,Marshall Thundering Herd@James Madison Dukes,James Madison Dukes,theScore Bet,-19.5,-110,-19,-22,0.53218175,0.5238095238095238,0.008372226190476173,0.5,FALSE,FALSE,2026-10-01T20:14:32Z,2026-10-03T19:45:00Z
5,Marshall Thundering Herd@James Madison Dukes,James Madison Dukes,BetMGM,-19,-110,-19,-22,0.53218175,0.5238095238095238,0.008372226190476173,0,TRUE,FALSE,2026-10-01T20:14:49Z,2026-10-03T19:45:00Z
5,Marshall Thundering Herd@James Madison Dukes,James Madison Dukes,Fanatics,-19,-110,-19,-22,0.53218175,0.5238095238095238,0.008372226190476173,0,FALSE,FALSE,2026-10-01T20:14:27Z,2026-10-03T19:45:00Z
5,Marshall Thundering Herd@James Madison Dukes,James Madison Dukes,FanDuel,-18.5,-115,-19,-22,0.54783114,0.5348837209302325,0.012947419069767485,0.5,FALSE,FALSE,2026-10-01T20:15:05Z,2026-10-03T19:45:00Z
5,Marshall Thundering Herd@James Madison Dukes,Marshall Thundering Herd,FanDuel,18.5,-105,19,22,0.45154637,0.5121951219512195,-0.06064875195121955,0.5,FALSE,FALSE,2026-10-01T20:15:05Z,2026-10-03T19:45:00Z
5,Marshall Thundering Herd@James Madison Dukes,Marshall Thundering Herd,BetMGM,19,-108,19,22,0.45154637,0.5192307692307693,-0.0676843992307693,0,TRUE,FALSE,2026-10-01T20:14:49Z,2026-10-03T19:45:00Z
5,Marshall Thundering Herd@James Madison Dukes,Marshall Thundering Herd,Fanatics,19,-110,19,22,0.45154637,0.5238095238095238,-0.07226315380952386,0,FALSE,FALSE,2026-10-01T20:14:27Z,2026-10-03T19:45:00Z
5,Marshall Thundering Herd@James Madison Dukes,Marshall Thundering Herd,DraftKings,19.5,-112,19,22,0.46595667,0.5283018867924528,-0.06234521679245281,0.5,FALSE,FALSE,2026-10-01T20:14:26Z,2026-10-03T19:45:00Z
5,Marshall Thundering Herd@James Madison Dukes,Marshall Thundering Herd,theScore Bet,19.5,-110,19,22,0.46595667,0.5238095238095238,-0.05785285380952382,0.5,FALSE,TRUE,2026-10-01T20:14:32Z,2026-10-03T19:45:00Z
5,Maryland Terrapins@Nebraska Cornhuskers,Maryland Terrapins,BetMGM,14.5,-110,14.5,14.5,0.52423475,0.5238095238095238,4.2522619047613563e-4,0,FALSE,FALSE,2026-10-01T20:14:49Z,2026-10-03T20:00:00Z
5,Maryland Terrapins@Nebraska Cornhuskers,Maryland Terrapins,Caesars,14.5,-109,14.5,14.5,0.52423475,0.5215311004784688,0.0027036495215311263,0,FALSE,FALSE,2026-10-01T20:12:30Z,2026-10-03T20:00:00Z
5,Maryland Terrapins@Nebraska Cornhuskers,Maryland Terrapins,DraftKings,14.5,-108,14.5,14.5,0.52423475,0.5192307692307693,0.005003980769230698,0,TRUE,TRUE,2026-10-01T20:14:26Z,2026-10-03T20:00:00Z
5,Maryland Terrapins@Nebraska Cornhuskers,Maryland Terrapins,FanDuel,14.5,-110,14.5,14.5,0.52423475,0.5238095238095238,4.2522619047613563e-4,0,FALSE,FALSE,2026-10-01T20:15:05Z,2026-10-03T20:00:00Z
5,Maryland Terrapins@Nebraska Cornhuskers,Maryland Terrapins,Fanatics,14.5,-110,14.5,14.5,0.52423475,0.5238095238095238,4.2522619047613563e-4,0,FALSE,FALSE,2026-10-01T20:14:27Z,2026-10-03T20:00:00Z
5,Maryland Terrapins@Nebraska Cornhuskers,Maryland Terrapins,theScore Bet,14.5,-115,14.5,14.5,0.52423475,0.5348837209302325,-0.010648970930232537,0,FALSE,FALSE,2026-10-01T20:14:32Z,2026-10-03T20:00:00Z
5,Maryland Terrapins@Nebraska Cornhuskers,Nebraska Cornhuskers,BetMGM,-14.5,-108,-14.5,-14.5,0.48133383,0.5192307692307693,-0.037896939230769255,0,FALSE,FALSE,2026-10-01T20:14:49Z,2026-10-03T20:00:00Z
5,Maryland Terrapins@Nebraska Cornhuskers,Nebraska Cornhuskers,Caesars,-14.5,-110,-14.5,-14.5,0.48133383,0.5238095238095238,-0.04247569380952382,0,FALSE,FALSE,2026-10-01T20:12:30Z,2026-10-03T20:00:00Z
5,Maryland Terrapins@Nebraska Cornhuskers,Nebraska Cornhuskers,DraftKings,-14.5,-112,-14.5,-14.5,0.48133383,0.5283018867924528,-0.046968056792452806,0,FALSE,FALSE,2026-10-01T20:14:26Z,2026-10-03T20:00:00Z
5,Maryland Terrapins@Nebraska Cornhuskers,Nebraska Cornhuskers,FanDuel,-14.5,-110,-14.5,-14.5,0.48133383,0.5238095238095238,-0.04247569380952382,0,FALSE,FALSE,2026-10-01T20:15:05Z,2026-10-03T20:00:00Z
5,Maryland Terrapins@Nebraska Cornhuskers,Nebraska Cornhuskers,Fanatics,-14.5,-110,-14.5,-14.5,0.48133383,0.5238095238095238,-0.04247569380952382,0,FALSE,FALSE,2026-10-01T20:14:27Z,2026-10-03T20:00:00Z
5,Maryland Terrapins@Nebraska Cornhuskers,Nebraska Cornhuskers,theScore Bet,-14.5,-105,-14.5,-14.5,0.48133383,0.5121951219512195,-0.030861291951219505,0,TRUE,TRUE,2026-10-01T20:14:32Z,2026-10-03T20:00:00Z
5,Memphis Tigers@Charlotte 49ers,Charlotte 49ers,BetMGM,20.5,-110,20.5,19.5,0.5253246,0.5238095238095238,0.0015150761904761945,0,FALSE,FALSE,2026-10-01T20:14:49Z,2026-10-03T19:30:00Z
5,Memphis Tigers@Charlotte 49ers,Charlotte 49ers,DraftKings,20.5,-108,20.5,19.5,0.5253246,0.5192307692307693,0.006093830769230757,0,FALSE,FALSE,2026-10-01T20:14:26Z,2026-10-03T19:30:00Z
5,Memphis Tigers@Charlotte 49ers,Charlotte 49ers,FanDuel,20.5,-110,20.5,19.5,0.5253246,0.5238095238095238,0.0015150761904761945,0,FALSE,FALSE,2026-10-01T20:15:05Z,2026-10-03T19:30:00Z
5,Memphis Tigers@Charlotte 49ers,Charlotte 49ers,Fanatics,20.5,-110,20.5,19.5,0.5253246,0.5238095238095238,0.0015150761904761945,0,FALSE,FALSE,2026-10-01T20:14:27Z,2026-10-03T19:30:00Z
5,Memphis Tigers@Charlotte 49ers,Charlotte 49ers,theScore Bet,20.5,-105,20.5,19.5,0.5253246,0.5121951219512195,0.013129478048780507,0,TRUE,TRUE,2026-10-01T20:14:32Z,2026-10-03T19:30:00Z
5,Memphis Tigers@Charlotte 49ers,Memphis Tigers,BetMGM,-20.5,-108,-20.5,-19.5,0.47177486,0.5192307692307693,-0.047455909230769255,0,TRUE,TRUE,2026-10-01T20:14:49Z,2026-10-03T19:30:00Z
5,Memphis Tigers@Charlotte 49ers,Memphis Tigers,DraftKings,-20.5,-112,-20.5,-19.5,0.47177486,0.5283018867924528,-0.056527026792452806,0,FALSE,FALSE,2026-10-01T20:14:26Z,2026-10-03T19:30:00Z
5,Memphis Tigers@Charlotte 49ers,Memphis Tigers,FanDuel,-20.5,-110,-20.5,-19.5,0.47177486,0.5238095238095238,-0.05203466380952382,0,FALSE,FALSE,2026-10-01T20:15:05Z,2026-10-03T19:30:00Z
5,Memphis Tigers@Charlotte 49ers,Memphis Tigers,Fanatics,-20.5,-110,-20.5,-19.5,0.47177486,0.5238095238095238,-0.05203466380952382,0,FALSE,FALSE,2026-10-01T20:14:27Z,2026-10-03T19:30:00Z
5,Memphis Tigers@Charlotte 49ers,Memphis Tigers,theScore Bet,-20.5,-115,-20.5,-19.5,0.47177486,0.5348837209302325,-0.06310886093023249,0,FALSE,FALSE,2026-10-01T20:14:32Z,2026-10-03T19:30:00Z
5,Miami Hurricanes@Clemson Tigers,Clemson Tigers,Caesars,16.5,-104,16.5,15.5,0.534251,0.5098039215686274,0.024447078431372615,0,TRUE,TRUE,2026-10-01T20:12:30Z,2026-10-03T23:30:00Z
5,Miami Hurricanes@Clemson Tigers,Clemson Tigers,DraftKings,16.5,-105,16.5,15.5,0.534251,0.5121951219512195,0.02205587804878051,0,FALSE,FALSE,2026-10-01T20:14:26Z,2026-10-03T23:30:00Z
5,Miami Hurricanes@Clemson Tigers,Clemson Tigers,FanDuel,16.5,-105,16.5,15.5,0.534251,0.5121951219512195,0.02205587804878051,0,FALSE,FALSE,2026-10-01T20:15:05Z,2026-10-03T23:30:00Z
5,Miami Hurricanes@Clemson Tigers,Clemson Tigers,theScore Bet,16.5,-105,16.5,15.5,0.534251,0.5121951219512195,0.02205587804878051,0,FALSE,FALSE,2026-10-01T20:14:32Z,2026-10-03T23:30:00Z
5,Miami Hurricanes@Clemson Tigers,Clemson Tigers,BetMGM,17,-120,16.5,15.5,0.534251,0.5454545454545454,-0.011203545454545383,0.5,FALSE,FALSE,2026-10-01T20:14:49Z,2026-10-03T23:30:00Z
5,Miami Hurricanes@Clemson Tigers,Clemson Tigers,Fanatics,17,-110,16.5,15.5,0.534251,0.5238095238095238,0.010441476190476195,0.5,FALSE,FALSE,2026-10-01T20:14:27Z,2026-10-03T23:30:00Z
5,Miami Hurricanes@Clemson Tigers,Miami Hurricanes,BetMGM,-17,-110,-16.5,-15.5,0.4488419,0.5238095238095238,-0.07496762380952382,0.5,FALSE,FALSE,2026-10-01T20:14:49Z,2026-10-03T23:30:00Z
5,Miami Hurricanes@Clemson Tigers,Miami Hurricanes,Fanatics,-17,-110,-16.5,-15.5,0.4488419,0.5238095238095238,-0.07496762380952382,0.5,FALSE,FALSE,2026-10-01T20:14:27Z,2026-10-03T23:30:00Z
5,Miami Hurricanes@Clemson Tigers,Miami Hurricanes,Caesars,-16.5,-117,-16.5,-15.5,0.46786127,0.5391705069124424,-0.0713092369124424,0,FALSE,FALSE,2026-10-01T20:12:30Z,2026-10-03T23:30:00Z
5,Miami Hurricanes@Clemson Tigers,Miami Hurricanes,DraftKings,-16.5,-115,-16.5,-15.5,0.46786127,0.5348837209302325,-0.06702245093023251,0,TRUE,TRUE,2026-10-01T20:14:26Z,2026-10-03T23:30:00Z
5,Miami Hurricanes@Clemson Tigers,Miami Hurricanes,FanDuel,-16.5,-115,-16.5,-15.5,0.46786127,0.5348837209302325,-0.06702245093023251,0,FALSE,FALSE,2026-10-01T20:15:05Z,2026-10-03T23:30:00Z
5,Miami Hurricanes@Clemson Tigers,Miami Hurricanes,theScore Bet,-16.5,-115,-16.5,-15.5,0.46786127,0.5348837209302325,-0.06702245093023251,0,FALSE,FALSE,2026-10-01T20:14:32Z,2026-10-03T23:30:00Z
5,Michigan State Spartans@Wisconsin Badgers,Michigan State Spartans,FanDuel,9.5,-104,10,9.5,0.5176822,0.5098039215686274,0.007878278431372565,0.5,FALSE,FALSE,2026-10-01T20:15:05Z,2026-10-03T16:30:00Z
5,Michigan State Spartans@Wisconsin Badgers,Michigan State Spartans,theScore Bet,9.5,100,10,9.5,0.5176822,0.5,0.01768219999999998,0.5,FALSE,TRUE,2026-10-01T20:14:32Z,2026-10-03T16:30:00Z
5,Michigan State Spartans@Wisconsin Badgers,Michigan State Spartans,BetMGM,10,-110,10,9.5,0.5176822,0.5238095238095238,-0.006127323809523855,0,FALSE,FALSE,2026-10-01T20:14:49Z,2026-10-03T16:30:00Z
5,Michigan State Spartans@Wisconsin Badgers,Michigan State Spartans,Caesars,10,-102,10,9.5,0.5176822,0.504950495049505,0.012731704950495026,0,TRUE,FALSE,2026-10-01T20:12:30Z,2026-10-03T16:30:00Z
5,Michigan State Spartans@Wisconsin Badgers,Michigan State Spartans,DraftKings,10,-108,10,9.5,0.5176822,0.5192307692307693,-0.0015485692307692922,0,FALSE,FALSE,2026-10-01T20:14:26Z,2026-10-03T16:30:00Z
5,Michigan State Spartans@Wisconsin Badgers,Michigan State Spartans,Fanatics,10,-110,10,9.5,0.5176822,0.5238095238095238,-0.006127323809523855,0,FALSE,FALSE,2026-10-01T20:14:27Z,2026-10-03T16:30:00Z
5,Michigan State Spartans@Wisconsin Badgers,Wisconsin Badgers,BetMGM,-10,-108,-10,-9.5,0.45632946,0.5192307692307693,-0.06290130923076925,0,TRUE,FALSE,2026-10-01T20:14:49Z,2026-10-03T16:30:00Z
5,Michigan State Spartans@Wisconsin Badgers,Wisconsin Badgers,Caesars,-10,-118,-10,-9.5,0.45632946,0.5412844036697247,-0.08495494366972473,0,FALSE,FALSE,2026-10-01T20:12:30Z,2026-10-03T16:30:00Z
5,Michigan State Spartans@Wisconsin Badgers,Wisconsin Badgers,DraftKings,-10,-112,-10,-9.5,0.45632946,0.5283018867924528,-0.0719724267924528,0,FALSE,FALSE,2026-10-01T20:14:26Z,2026-10-03T16:30:00Z
5,Michigan State Spartans@Wisconsin Badgers,Wisconsin Badgers,Fanatics,-10,-110,-10,-9.5,0.45632946,0.5238095238095238,-0.06748006380952382,0,FALSE,FALSE,2026-10-01T20:14:27Z,2026-10-03T16:30:00Z
5,Michigan State Spartans@Wisconsin Badgers,Wisconsin Badgers,FanDuel,-9.5,-118,-10,-9.5,0.48031632,0.5412844036697247,-0.060968083669724726,0.5,FALSE,TRUE,2026-10-01T20:15:05Z,2026-10-03T16:30:00Z
5,Michigan State Spartans@Wisconsin Badgers,Wisconsin Badgers,theScore Bet,-9.5,-120,-10,-9.5,0.48031632,0.5454545454545454,-0.0651382254545454,0.5,FALSE,FALSE,2026-10-01T20:14:32Z,2026-10-03T16:30:00Z
5,Michigan Wolverines@Minnesota Golden Gophers,Michigan Wolverines,BetMGM,-5.5,-110,-5.5,-7.5,0.52906677,0.5238095238095238,0.005257246190476184,0,TRUE,TRUE,2026-10-01T20:14:49Z,2026-10-03T16:00:00Z
5,Michigan Wolverines@Minnesota Golden Gophers,Michigan Wolverines,Caesars,-5.5,-110,-5.5,-7.5,0.52906677,0.5238095238095238,0.005257246190476184,0,FALSE,FALSE,2026-10-01T20:12:30Z,2026-10-03T16:00:00Z
5,Michigan Wolverines@Minnesota Golden Gophers,Michigan Wolverines,DraftKings,-5.5,-110,-5.5,-7.5,0.52906677,0.5238095238095238,0.005257246190476184,0,FALSE,FALSE,2026-10-01T20:14:25Z,2026-10-03T16:00:00Z
5,Michigan Wolverines@Minnesota Golden Gophers,Michigan Wolverines,FanDuel,-5.5,-110,-5.5,-7.5,0.52906677,0.5238095238095238,0.005257246190476184,0,FALSE,FALSE,2026-10-01T20:15:05Z,2026-10-03T16:00:00Z
5,Michigan Wolverines@Minnesota Golden Gophers,Michigan Wolverines,Fanatics,-5.5,-110,-5.5,-7.5,0.52906677,0.5238095238095238,0.005257246190476184,0,FALSE,FALSE,2026-10-01T20:14:27Z,2026-10-03T16:00:00Z
5,Michigan Wolverines@Minnesota Golden Gophers,Michigan Wolverines,theScore Bet,-5.5,-110,-5.5,-7.5,0.52906677,0.5238095238095238,0.005257246190476184,0,FALSE,FALSE,2026-10-01T20:14:32Z,2026-10-03T16:00:00Z
5,Michigan Wolverines@Minnesota Golden Gophers,Minnesota Golden Gophers,BetMGM,5.5,-108,5.5,7.5,0.47305793,0.5192307692307693,-0.04617283923076926,0,TRUE,TRUE,2026-10-01T20:14:49Z,2026-10-03T16:00:00Z
5,Michigan Wolverines@Minnesota Golden Gophers,Minnesota Golden Gophers,Caesars,5.5,-110,5.5,7.5,0.47305793,0.5238095238095238,-0.05075159380952382,0,FALSE,FALSE,2026-10-01T20:12:30Z,2026-10-03T16:00:00Z
5,Michigan Wolverines@Minnesota Golden Gophers,Minnesota Golden Gophers,DraftKings,5.5,-110,5.5,7.5,0.47305793,0.5238095238095238,-0.05075159380952382,0,FALSE,FALSE,2026-10-01T20:14:25Z,2026-10-03T16:00:00Z
5,Michigan Wolverines@Minnesota Golden Gophers,Minnesota Golden Gophers,FanDuel,5.5,-110,5.5,7.5,0.47305793,0.5238095238095238,-0.05075159380952382,0,FALSE,FALSE,2026-10-01T20:15:05Z,2026-10-03T16:00:00Z
5,Michigan Wolverines@Minnesota Golden Gophers,Minnesota Golden Gophers,Fanatics,5.5,-110,5.5,7.5,0.47305793,0.5238095238095238,-0.05075159380952382,0,FALSE,FALSE,2026-10-01T20:14:27Z,2026-10-03T16:00:00Z
5,Michigan Wolverines@Minnesota Golden Gophers,Minnesota Golden Gophers,theScore Bet,5.5,-110,5.5,7.5,0.47305793,0.5238095238095238,-0.05075159380952382,0,FALSE,FALSE,2026-10-01T20:14:32Z,2026-10-03T16:00:00Z
5,Middle Tennessee Blue Raiders@Kansas Jayhawks,Kansas Jayhawks,BetMGM,-19.5,-110,-19.5,-19,0.47883279,0.5238095238095238,-0.04497673380952383,0,TRUE,TRUE,2026-10-01T20:14:49Z,2026-10-03T16:00:00Z
5,Middle Tennessee Blue Raiders@Kansas Jayhawks,Kansas Jayhawks,DraftKings,-19.5,-112,-19.5,-19,0.47883279,0.5283018867924528,-0.049469096792452816,0,FALSE,FALSE,2026-10-01T20:14:25Z,2026-10-03T16:00:00Z
5,Middle Tennessee Blue Raiders@Kansas Jayhawks,Kansas Jayhawks,FanDuel,-19.5,-110,-19.5,-19,0.47883279,0.5238095238095238,-0.04497673380952383,0,FALSE,FALSE,2026-10-01T20:15:05Z,2026-10-03T16:00:00Z
5,Middle Tennessee Blue Raiders@Kansas Jayhawks,Kansas Jayhawks,Fanatics,-19.5,-110,-19.5,-19,0.47883279,0.5238095238095238,-0.04497673380952383,0,FALSE,FALSE,2026-10-01T20:14:27Z,2026-10-03T16:00:00Z
5,Middle Tennessee Blue Raiders@Kansas Jayhawks,Kansas Jayhawks,theScore Bet,-19.5,-110,-19.5,-19,0.47883279,0.5238095238095238,-0.04497673380952383,0,FALSE,FALSE,2026-10-01T20:14:32Z,2026-10-03T16:00:00Z
5,Middle Tennessee Blue Raiders@Kansas Jayhawks,Middle Tennessee Blue Raiders,BetMGM,19.5,-108,19.5,19,0.51972962,0.5192307692307693,4.988507692307298e-4,0,TRUE,TRUE,2026-10-01T20:14:49Z,2026-10-03T16:00:00Z
5,Middle Tennessee Blue Raiders@Kansas Jayhawks,Middle Tennessee Blue Raiders,DraftKings,19.5,-108,19.5,19,0.51972962,0.5192307692307693,4.988507692307298e-4,0,FALSE,FALSE,2026-10-01T20:14:25Z,2026-10-03T16:00:00Z
5,Middle Tennessee Blue Raiders@Kansas Jayhawks,Middle Tennessee Blue Raiders,FanDuel,19.5,-110,19.5,19,0.51972962,0.5238095238095238,-0.004079903809523833,0,FALSE,FALSE,2026-10-01T20:15:05Z,2026-10-03T16:00:00Z
5,Middle Tennessee Blue Raiders@Kansas Jayhawks,Middle Tennessee Blue Raiders,Fanatics,19.5,-110,19.5,19,0.51972962,0.5238095238095238,-0.004079903809523833,0,FALSE,FALSE,2026-10-01T20:14:27Z,2026-10-03T16:00:00Z
5,Middle Tennessee Blue Raiders@Kansas Jayhawks,Middle Tennessee Blue Raiders,theScore Bet,19.5,-110,19.5,19,0.51972962,0.5238095238095238,-0.004079903809523833,0,FALSE,FALSE,2026-10-01T20:14:32Z,2026-10-03T16:00:00Z
5,Navy Midshipmen@Air Force Falcons,Air Force Falcons,theScore Bet,-4.5,100,-3.5,-6,0.51648638,0.5,0.016486380000000023,1,FALSE,FALSE,2026-10-01T20:14:32Z,2026-10-03T16:00:00Z
5,Navy Midshipmen@Air Force Falcons,Air Force Falcons,BetMGM,-3.5,-105,-3.5,-6,0.53503122,0.5121951219512195,0.022836098048780507,0,FALSE,FALSE,2026-10-01T20:14:49Z,2026-10-03T16:00:00Z
5,Navy Midshipmen@Air Force Falcons,Air Force Falcons,Caesars,-3.5,-103,-3.5,-6,0.53503122,0.5073891625615764,0.02764205743842363,0,FALSE,FALSE,2026-10-01T20:12:30Z,2026-10-03T16:00:00Z
5,Navy Midshipmen@Air Force Falcons,Air Force Falcons,DraftKings,-3.5,-102,-3.5,-6,0.53503122,0.504950495049505,0.030080724950495075,0,TRUE,TRUE,2026-10-01T20:14:25Z,2026-10-03T16:00:00Z
5,Navy Midshipmen@Air Force Falcons,Air Force Falcons,FanDuel,-3.5,-105,-3.5,-6,0.53503122,0.5121951219512195,0.022836098048780507,0,FALSE,FALSE,2026-10-01T20:15:05Z,2026-10-03T16:00:00Z
5,Navy Midshipmen@Air Force Falcons,Air Force Falcons,Fanatics,-3.5,-105,-3.5,-6,0.53503122,0.5121951219512195,0.022836098048780507,0,FALSE,FALSE,2026-10-01T20:14:27Z,2026-10-03T16:00:00Z
5,Navy Midshipmen@Air Force Falcons,Navy Midshipmen,BetMGM,3.5,-112,3.5,6,0.46641259,0.5283018867924528,-0.06188929679245281,0,TRUE,FALSE,2026-10-01T20:14:49Z,2026-10-03T16:00:00Z
5,Navy Midshipmen@Air Force Falcons,Navy Midshipmen,Caesars,3.5,-118,3.5,6,0.46641259,0.5412844036697247,-0.07487181366972473,0,FALSE,FALSE,2026-10-01T20:12:30Z,2026-10-03T16:00:00Z
5,Navy Midshipmen@Air Force Falcons,Navy Midshipmen,DraftKings,3.5,-118,3.5,6,0.46641259,0.5412844036697247,-0.07487181366972473,0,FALSE,FALSE,2026-10-01T20:14:25Z,2026-10-03T16:00:00Z
5,Navy Midshipmen@Air Force Falcons,Navy Midshipmen,FanDuel,3.5,-115,3.5,6,0.46641259,0.5348837209302325,-0.0684711309302325,0,FALSE,FALSE,2026-10-01T20:15:05Z,2026-10-03T16:00:00Z
5,Navy Midshipmen@Air Force Falcons,Navy Midshipmen,Fanatics,3.5,-115,3.5,6,0.46641259,0.5348837209302325,-0.0684711309302325,0,FALSE,FALSE,2026-10-01T20:14:27Z,2026-10-03T16:00:00Z
5,Navy Midshipmen@Air Force Falcons,Navy Midshipmen,theScore Bet,4.5,-120,3.5,6,0.48711098,0.5454545454545454,-0.05834356545454539,1,FALSE,TRUE,2026-10-01T20:14:32Z,2026-10-03T16:00:00Z
5,North Texas Mean Green@Tulsa Golden Hurricane,North Texas Mean Green,BetMGM,-2.5,-110,-2.5,-6.5,0.5698667,0.5238095238095238,0.04605717619047611,0,FALSE,FALSE,2026-10-01T20:14:49Z,2026-10-02T01:00:00Z
5,North Texas Mean Green@Tulsa Golden Hurricane,North Texas Mean Green,Caesars,-2.5,-108,-2.5,-6.5,0.5698667,0.5192307692307693,0.050635930769230675,0,TRUE,TRUE,2026-10-01T20:12:30Z,2026-10-02T01:00:00Z
5,North Texas Mean Green@Tulsa Golden Hurricane,North Texas Mean Green,DraftKings,-2.5,-108,-2.5,-6.5,0.5698667,0.5192307692307693,0.050635930769230675,0,FALSE,FALSE,2026-10-01T20:14:25Z,2026-10-02T01:00:00Z
5,North Texas Mean Green@Tulsa Golden Hurricane,North Texas Mean Green,FanDuel,-2.5,-110,-2.5,-6.5,0.5698667,0.5238095238095238,0.04605717619047611,0,FALSE,FALSE,2026-10-01T20:15:05Z,2026-10-02T01:00:00Z
5,North Texas Mean Green@Tulsa Golden Hurricane,North Texas Mean Green,Fanatics,-2.5,-110,-2.5,-6.5,0.5698667,0.5238095238095238,0.04605717619047611,0,FALSE,FALSE,2026-10-01T20:14:27Z,2026-10-02T01:00:00Z
5,North Texas Mean Green@Tulsa Golden Hurricane,North Texas Mean Green,theScore Bet,-2.5,-125,-2.5,-6.5,0.5698667,0.5555555555555556,0.014311144444444368,0,FALSE,FALSE,2026-10-01T20:14:32Z,2026-10-02T01:00:00Z
5,North Texas Mean Green@Tulsa Golden Hurricane,Tulsa Golden Hurricane,BetMGM,2.5,-108,2.5,6.5,0.42706139,0.5192307692307693,-0.09216937923076929,0,FALSE,FALSE,2026-10-01T20:14:49Z,2026-10-02T01:00:00Z
5,North Texas Mean Green@Tulsa Golden Hurricane,Tulsa Golden Hurricane,Caesars,2.5,-112,2.5,6.5,0.42706139,0.5283018867924528,-0.10124049679245284,0,FALSE,FALSE,2026-10-01T20:12:30Z,2026-10-02T01:00:00Z
5,North Texas Mean Green@Tulsa Golden Hurricane,Tulsa Golden Hurricane,DraftKings,2.5,-112,2.5,6.5,0.42706139,0.5283018867924528,-0.10124049679245284,0,FALSE,FALSE,2026-10-01T20:14:25Z,2026-10-02T01:00:00Z
5,North Texas Mean Green@Tulsa Golden Hurricane,Tulsa Golden Hurricane,FanDuel,2.5,-110,2.5,6.5,0.42706139,0.5238095238095238,-0.09674813380952385,0,FALSE,FALSE,2026-10-01T20:15:05Z,2026-10-02T01:00:00Z
5,North Texas Mean Green@Tulsa Golden Hurricane,Tulsa Golden Hurricane,Fanatics,2.5,-110,2.5,6.5,0.42706139,0.5238095238095238,-0.09674813380952385,0,FALSE,FALSE,2026-10-01T20:14:27Z,2026-10-02T01:00:00Z
5,North Texas Mean Green@Tulsa Golden Hurricane,Tulsa Golden Hurricane,theScore Bet,2.5,105,2.5,6.5,0.42706139,0.4878048780487805,-0.06074348804878049,0,TRUE,TRUE,2026-10-01T20:14:32Z,2026-10-02T01:00:00Z
5,Notre Dame Fighting Irish@North Carolina Tar Heels,North Carolina Tar Heels,BetMGM,21.5,-108,21.5,21.5,0.51234979,0.5192307692307693,-0.006880979230769246,0,TRUE,TRUE,2026-10-01T20:14:49Z,2026-10-03T16:00:00Z
5,Notre Dame Fighting Irish@North Carolina Tar Heels,North Carolina Tar Heels,Caesars,21.5,-115,21.5,21.5,0.51234979,0.5348837209302325,-0.022533930930232482,0,FALSE,FALSE,2026-10-01T20:12:30Z,2026-10-03T16:00:00Z
5,Notre Dame Fighting Irish@North Carolina Tar Heels,North Carolina Tar Heels,DraftKings,21.5,-110,21.5,21.5,0.51234979,0.5238095238095238,-0.011459733809523809,0,FALSE,FALSE,2026-10-01T20:14:25Z,2026-10-03T16:00:00Z
5,Notre Dame Fighting Irish@North Carolina Tar Heels,North Carolina Tar Heels,FanDuel,21.5,-110,21.5,21.5,0.51234979,0.5238095238095238,-0.011459733809523809,0,FALSE,FALSE,2026-10-01T20:15:05Z,2026-10-03T16:00:00Z
5,Notre Dame Fighting Irish@North Carolina Tar Heels,North Carolina Tar Heels,Fanatics,21.5,-110,21.5,21.5,0.51234979,0.5238095238095238,-0.011459733809523809,0,FALSE,FALSE,2026-10-01T20:14:27Z,2026-10-03T16:00:00Z
5,Notre Dame Fighting Irish@North Carolina Tar Heels,North Carolina Tar Heels,theScore Bet,22.5,-120,21.5,21.5,0.53037572,0.5454545454545454,-0.01507882545454542,1,FALSE,FALSE,2026-10-01T20:14:32Z,2026-10-03T16:00:00Z
5,Notre Dame Fighting Irish@North Carolina Tar Heels,Notre Dame Fighting Irish,theScore Bet,-22.5,100,-21.5,-21.5,0.46847231,0.5,-0.03152769,1,FALSE,FALSE,2026-10-01T20:14:32Z,2026-10-03T16:00:00Z
5,Notre Dame Fighting Irish@North Carolina Tar Heels,Notre Dame Fighting Irish,BetMGM,-21.5,-110,-21.5,-21.5,0.48752892,0.5238095238095238,-0.03628060380952386,0,FALSE,FALSE,2026-10-01T20:14:49Z,2026-10-03T16:00:00Z
5,Notre Dame Fighting Irish@North Carolina Tar Heels,Notre Dame Fighting Irish,Caesars,-21.5,-105,-21.5,-21.5,0.48752892,0.5121951219512195,-0.024666201951219546,0,TRUE,TRUE,2026-10-01T20:12:30Z,2026-10-03T16:00:00Z
5,Notre Dame Fighting Irish@North Carolina Tar Heels,Notre Dame Fighting Irish,DraftKings,-21.5,-110,-21.5,-21.5,0.48752892,0.5238095238095238,-0.03628060380952386,0,FALSE,FALSE,2026-10-01T20:14:25Z,2026-10-03T16:00:00Z
5,Notre Dame Fighting Irish@North Carolina Tar Heels,Notre Dame Fighting Irish,FanDuel,-21.5,-110,-21.5,-21.5,0.48752892,0.5238095238095238,-0.03628060380952386,0,FALSE,FALSE,2026-10-01T20:15:05Z,2026-10-03T16:00:00Z
5,Notre Dame Fighting Irish@North Carolina Tar Heels,Notre Dame Fighting Irish,Fanatics,-21.5,-110,-21.5,-21.5,0.48752892,0.5238095238095238,-0.03628060380952386,0,FALSE,FALSE,2026-10-01T20:14:27Z,2026-10-03T16:00:00Z
5,Ohio Bobcats@Kent State Golden Flashes,Kent State Golden Flashes,BetMGM,3.5,-110,3.5,5.5,0.48371669,0.5238095238095238,-0.04009283380952383,0,TRUE,TRUE,2026-10-01T20:14:49Z,2026-10-03T19:30:00Z
5,Ohio Bobcats@Kent State Golden Flashes,Kent State Golden Flashes,DraftKings,3.5,-112,3.5,5.5,0.48371669,0.5283018867924528,-0.04458519679245282,0,FALSE,FALSE,2026-10-01T20:14:26Z,2026-10-03T19:30:00Z
5,Ohio Bobcats@Kent State Golden Flashes,Kent State Golden Flashes,FanDuel,3.5,-110,3.5,5.5,0.48371669,0.5238095238095238,-0.04009283380952383,0,FALSE,FALSE,2026-10-01T20:15:05Z,2026-10-03T19:30:00Z
5,Ohio Bobcats@Kent State Golden Flashes,Kent State Golden Flashes,Fanatics,3.5,-115,3.5,5.5,0.48371669,0.5348837209302325,-0.051167030930232504,0,FALSE,FALSE,2026-10-01T20:14:27Z,2026-10-03T19:30:00Z
5,Ohio Bobcats@Kent State Golden Flashes,Kent State Golden Flashes,theScore Bet,3.5,-110,3.5,5.5,0.48371669,0.5238095238095238,-0.04009283380952383,0,FALSE,FALSE,2026-10-01T20:14:32Z,2026-10-03T19:30:00Z
5,Ohio Bobcats@Kent State Golden Flashes,Ohio Bobcats,BetMGM,-3.5,-108,-3.5,-5.5,0.51449298,0.5192307692307693,-0.004737789230769285,0,FALSE,FALSE,2026-10-01T20:14:49Z,2026-10-03T19:30:00Z
5,Ohio Bobcats@Kent State Golden Flashes,Ohio Bobcats,DraftKings,-3.5,-108,-3.5,-5.5,0.51449298,0.5192307692307693,-0.004737789230769285,0,FALSE,FALSE,2026-10-01T20:14:26Z,2026-10-03T19:30:00Z
5,Ohio Bobcats@Kent State Golden Flashes,Ohio Bobcats,FanDuel,-3.5,-110,-3.5,-5.5,0.51449298,0.5238095238095238,-0.009316543809523847,0,FALSE,FALSE,2026-10-01T20:15:05Z,2026-10-03T19:30:00Z
5,Ohio Bobcats@Kent State Golden Flashes,Ohio Bobcats,Fanatics,-3.5,-105,-3.5,-5.5,0.51449298,0.5121951219512195,0.0022978580487804656,0,TRUE,TRUE,2026-10-01T20:14:27Z,2026-10-03T19:30:00Z
5,Ohio Bobcats@Kent State Golden Flashes,Ohio Bobcats,theScore Bet,-3.5,-110,-3.5,-5.5,0.51449298,0.5238095238095238,-0.009316543809523847,0,FALSE,FALSE,2026-10-01T20:14:32Z,2026-10-03T19:30:00Z
5,Ohio State Buckeyes@Iowa Hawkeyes,Iowa Hawkeyes,BetMGM,14.5,-120,14.5,9,0.62497466,0.5454545454545454,0.0795201145454546,0,FALSE,FALSE,2026-10-01T20:14:49Z,2026-10-03T19:30:00Z
5,Ohio State Buckeyes@Iowa Hawkeyes,Iowa Hawkeyes,Caesars,14.5,-115,14.5,9,0.62497466,0.5348837209302325,0.0900909390697675,0,FALSE,FALSE,2026-10-01T20:12:30Z,2026-10-03T19:30:00Z
5,Ohio State Buckeyes@Iowa Hawkeyes,Iowa Hawkeyes,DraftKings,14.5,-110,14.5,9,0.62497466,0.5238095238095238,0.10116513619047618,0,TRUE,TRUE,2026-10-01T20:14:26Z,2026-10-03T19:30:00Z
5,Ohio State Buckeyes@Iowa Hawkeyes,Iowa Hawkeyes,FanDuel,14.5,-118,14.5,9,0.62497466,0.5412844036697247,0.08369025633027527,0,FALSE,FALSE,2026-10-01T20:15:05Z,2026-10-03T19:30:00Z
5,Ohio State Buckeyes@Iowa Hawkeyes,Iowa Hawkeyes,Fanatics,14.5,-115,14.5,9,0.62497466,0.5348837209302325,0.0900909390697675,0,FALSE,FALSE,2026-10-01T20:14:27Z,2026-10-03T19:30:00Z
5,Ohio State Buckeyes@Iowa Hawkeyes,Iowa Hawkeyes,theScore Bet,14.5,-120,14.5,9,0.62497466,0.5454545454545454,0.0795201145454546,0,FALSE,FALSE,2026-10-01T20:14:32Z,2026-10-03T19:30:00Z
5,Ohio State Buckeyes@Iowa Hawkeyes,Ohio State Buckeyes,BetMGM,-14.5,-110,-14.5,-9,0.37409761,0.5238095238095238,-0.1497119138095238,0,FALSE,FALSE,2026-10-01T20:14:49Z,2026-10-03T19:30:00Z
5,Ohio State Buckeyes@Iowa Hawkeyes,Ohio State Buckeyes,Caesars,-14.5,-105,-14.5,-9,0.37409761,0.5121951219512195,-0.1380975119512195,0,FALSE,FALSE,2026-10-01T20:12:30Z,2026-10-03T19:30:00Z
5,Ohio State Buckeyes@Iowa Hawkeyes,Ohio State Buckeyes,DraftKings,-14.5,-110,-14.5,-9,0.37409761,0.5238095238095238,-0.1497119138095238,0,FALSE,FALSE,2026-10-01T20:14:26Z,2026-10-03T19:30:00Z
5,Ohio State Buckeyes@Iowa Hawkeyes,Ohio State Buckeyes,FanDuel,-14.5,-104,-14.5,-9,0.37409761,0.5098039215686274,-0.1357063115686274,0,FALSE,FALSE,2026-10-01T20:15:05Z,2026-10-03T19:30:00Z
5,Ohio State Buckeyes@Iowa Hawkeyes,Ohio State Buckeyes,Fanatics,-14.5,-105,-14.5,-9,0.37409761,0.5121951219512195,-0.1380975119512195,0,FALSE,FALSE,2026-10-01T20:14:27Z,2026-10-03T19:30:00Z
5,Ohio State Buckeyes@Iowa Hawkeyes,Ohio State Buckeyes,theScore Bet,-14.5,100,-14.5,-9,0.37409761,0.5,-0.12590238999999998,0,TRUE,TRUE,2026-10-01T20:14:32Z,2026-10-03T19:30:00Z
5,Old Dominion Monarchs@Georgia State Panthers,Georgia State Panthers,BetMGM,-2.5,-110,-2.5,-3.5,0.51874675,0.5238095238095238,-0.005062773809523802,0,FALSE,FALSE,2026-10-01T20:14:49Z,2026-10-03T19:30:00Z
5,Old Dominion Monarchs@Georgia State Panthers,Georgia State Panthers,DraftKings,-2.5,-112,-2.5,-3.5,0.51874675,0.5283018867924528,-0.00955513679245279,0,FALSE,FALSE,2026-10-01T20:14:26Z,2026-10-03T19:30:00Z
5,Old Dominion Monarchs@Georgia State Panthers,Georgia State Panthers,FanDuel,-2.5,-106,-2.5,-3.5,0.51874675,0.5145631067961165,0.004183643203883536,0,FALSE,FALSE,2026-10-01T20:15:05Z,2026-10-03T19:30:00Z
5,Old Dominion Monarchs@Georgia State Panthers,Georgia State Panthers,Fanatics,-2.5,-110,-2.5,-3.5,0.51874675,0.5238095238095238,-0.005062773809523802,0,FALSE,FALSE,2026-10-01T20:14:27Z,2026-10-03T19:30:00Z
5,Old Dominion Monarchs@Georgia State Panthers,Georgia State Panthers,theScore Bet,-2.5,-105,-2.5,-3.5,0.51874675,0.5121951219512195,0.006551628048780511,0,TRUE,TRUE,2026-10-01T20:14:32Z,2026-10-03T19:30:00Z
5,Old Dominion Monarchs@Georgia State Panthers,Old Dominion Monarchs,BetMGM,2.5,-108,2.5,3.5,0.47813631,0.5192307692307693,-0.041094459230769265,0,TRUE,TRUE,2026-10-01T20:14:49Z,2026-10-03T19:30:00Z
5,Old Dominion Monarchs@Georgia State Panthers,Old Dominion Monarchs,DraftKings,2.5,-108,2.5,3.5,0.47813631,0.5192307692307693,-0.041094459230769265,0,FALSE,FALSE,2026-10-01T20:14:26Z,2026-10-03T19:30:00Z
5,Old Dominion Monarchs@Georgia State Panthers,Old Dominion Monarchs,FanDuel,2.5,-114,2.5,3.5,0.47813631,0.5327102803738317,-0.054573970373831715,0,FALSE,FALSE,2026-10-01T20:15:05Z,2026-10-03T19:30:00Z
5,Old Dominion Monarchs@Georgia State Panthers,Old Dominion Monarchs,Fanatics,2.5,-110,2.5,3.5,0.47813631,0.5238095238095238,-0.04567321380952383,0,FALSE,FALSE,2026-10-01T20:14:27Z,2026-10-03T19:30:00Z
5,Old Dominion Monarchs@Georgia State Panthers,Old Dominion Monarchs,theScore Bet,2.5,-115,2.5,3.5,0.47813631,0.5348837209302325,-0.0567474109302325,0,FALSE,FALSE,2026-10-01T20:14:32Z,2026-10-03T19:30:00Z
5,Oregon State Beavers@Colorado State Rams,Colorado State Rams,BetMGM,6.5,-110,6.5,-0,0.62264026,0.5238095238095238,0.09883073619047611,0,FALSE,FALSE,2026-10-01T20:14:49Z,2026-10-03T22:00:00Z
5,Oregon State Beavers@Colorado State Rams,Colorado State Rams,DraftKings,6.5,-108,6.5,-0,0.62264026,0.5192307692307693,0.10340949076923067,0,FALSE,FALSE,2026-10-01T20:14:26Z,2026-10-03T22:00:00Z
5,Oregon State Beavers@Colorado State Rams,Colorado State Rams,FanDuel,6.5,-105,6.5,-0,0.62264026,0.5121951219512195,0.11044513804878042,0,TRUE,TRUE,2026-10-01T20:15:05Z,2026-10-03T22:00:00Z
5,Oregon State Beavers@Colorado State Rams,Colorado State Rams,Fanatics,6.5,-110,6.5,-0,0.62264026,0.5238095238095238,0.09883073619047611,0,FALSE,FALSE,2026-10-01T20:14:27Z,2026-10-03T22:00:00Z
5,Oregon State Beavers@Colorado State Rams,Colorado State Rams,theScore Bet,6.5,-105,6.5,-0,0.62264026,0.5121951219512195,0.11044513804878042,0,FALSE,FALSE,2026-10-01T20:14:32Z,2026-10-03T22:00:00Z
5,Oregon State Beavers@Colorado State Rams,Oregon State Beavers,BetMGM,-6.5,-108,-6.5,0,0.37485199,0.5192307692307693,-0.14437877923076925,0,TRUE,TRUE,2026-10-01T20:14:49Z,2026-10-03T22:00:00Z
5,Oregon State Beavers@Colorado State Rams,Oregon State Beavers,DraftKings,-6.5,-112,-6.5,0,0.37485199,0.5283018867924528,-0.1534498967924528,0,FALSE,FALSE,2026-10-01T20:14:26Z,2026-10-03T22:00:00Z
5,Oregon State Beavers@Colorado State Rams,Oregon State Beavers,FanDuel,-6.5,-115,-6.5,0,0.37485199,0.5348837209302325,-0.16003173093023249,0,FALSE,FALSE,2026-10-01T20:15:05Z,2026-10-03T22:00:00Z
5,Oregon State Beavers@Colorado State Rams,Oregon State Beavers,Fanatics,-6.5,-110,-6.5,0,0.37485199,0.5238095238095238,-0.1489575338095238,0,FALSE,FALSE,2026-10-01T20:14:27Z,2026-10-03T22:00:00Z
5,Oregon State Beavers@Colorado State Rams,Oregon State Beavers,theScore Bet,-6.5,-115,-6.5,0,0.37485199,0.5348837209302325,-0.16003173093023249,0,FALSE,FALSE,2026-10-01T20:14:32Z,2026-10-03T22:00:00Z
5,Pittsburgh Panthers@Virginia Tech Hokies,Pittsburgh Panthers,Caesars,2.5,-102,2.5,1,0.52094842,0.504950495049505,0.015997924950495013,0,FALSE,FALSE,2026-10-01T20:12:30Z,2026-10-02T23:00:00Z
5,Pittsburgh Panthers@Virginia Tech Hokies,Pittsburgh Panthers,DraftKings,2.5,-105,2.5,1,0.52094842,0.5121951219512195,0.008753298048780445,0,FALSE,FALSE,2026-10-01T20:14:25Z,2026-10-02T23:00:00Z
5,Pittsburgh Panthers@Virginia Tech Hokies,Pittsburgh Panthers,FanDuel,2.5,100,2.5,1,0.52094842,0.5,0.020948419999999968,0,TRUE,TRUE,2026-10-01T20:15:05Z,2026-10-02T23:00:00Z
5,Pittsburgh Panthers@Virginia Tech Hokies,Pittsburgh Panthers,Fanatics,2.5,-105,2.5,1,0.52094842,0.5121951219512195,0.008753298048780445,0,FALSE,FALSE,2026-10-01T20:14:27Z,2026-10-02T23:00:00Z
5,Pittsburgh Panthers@Virginia Tech Hokies,Pittsburgh Panthers,theScore Bet,2.5,100,2.5,1,0.52094842,0.5,0.020948419999999968,0,FALSE,FALSE,2026-10-01T20:14:32Z,2026-10-02T23:00:00Z
5,Pittsburgh Panthers@Virginia Tech Hokies,Pittsburgh Panthers,BetMGM,3,-125,2.5,1,0.52094842,0.5555555555555556,-0.03460713555555561,0.5,FALSE,FALSE,2026-10-01T20:14:49Z,2026-10-02T23:00:00Z
5,Pittsburgh Panthers@Virginia Tech Hokies,Virginia Tech Hokies,BetMGM,-3,-108,-2.5,-1,0.43745364,0.5192307692307693,-0.0817771292307693,0.5,FALSE,FALSE,2026-10-01T20:14:49Z,2026-10-02T23:00:00Z
5,Pittsburgh Panthers@Virginia Tech Hokies,Virginia Tech Hokies,Caesars,-2.5,-120,-2.5,-1,0.47591352,0.5454545454545454,-0.06954102545454544,0,FALSE,FALSE,2026-10-01T20:12:30Z,2026-10-02T23:00:00Z
5,Pittsburgh Panthers@Virginia Tech Hokies,Virginia Tech Hokies,DraftKings,-2.5,-115,-2.5,-1,0.47591352,0.5348837209302325,-0.05897020093023253,0,TRUE,TRUE,2026-10-01T20:14:25Z,2026-10-02T23:00:00Z
5,Pittsburgh Panthers@Virginia Tech Hokies,Virginia Tech Hokies,FanDuel,-2.5,-122,-2.5,-1,0.47591352,0.5495495495495496,-0.07363602954954962,0,FALSE,FALSE,2026-10-01T20:15:05Z,2026-10-02T23:00:00Z
5,Pittsburgh Panthers@Virginia Tech Hokies,Virginia Tech Hokies,Fanatics,-2.5,-115,-2.5,-1,0.47591352,0.5348837209302325,-0.05897020093023253,0,FALSE,FALSE,2026-10-01T20:14:27Z,2026-10-02T23:00:00Z
5,Pittsburgh Panthers@Virginia Tech Hokies,Virginia Tech Hokies,theScore Bet,-2.5,-120,-2.5,-1,0.47591352,0.5454545454545454,-0.06954102545454544,0,FALSE,FALSE,2026-10-01T20:14:32Z,2026-10-02T23:00:00Z
5,Purdue Boilermakers@Illinois Fighting Illini,Illinois Fighting Illini,FanDuel,-10.5,-102,-10,-10,0.46785756,0.504950495049505,-0.03709293504950495,0.5,FALSE,TRUE,2026-10-01T20:15:05Z,2026-10-03T20:15:00Z
5,Purdue Boilermakers@Illinois Fighting Illini,Illinois Fighting Illini,Caesars,-10,-108,-10,-10,0.46785756,0.5192307692307693,-0.05137320923076927,0,TRUE,FALSE,2026-10-01T20:12:30Z,2026-10-03T20:15:00Z
5,Purdue Boilermakers@Illinois Fighting Illini,Illinois Fighting Illini,DraftKings,-10,-110,-10,-10,0.46785756,0.5238095238095238,-0.05595196380952383,0,FALSE,FALSE,2026-10-01T20:14:26Z,2026-10-03T20:15:00Z
5,Purdue Boilermakers@Illinois Fighting Illini,Illinois Fighting Illini,BetMGM,-9.5,-120,-10,-10,0.48620023,0.5454545454545454,-0.0592543154545454,0.5,FALSE,FALSE,2026-10-01T20:14:49Z,2026-10-03T20:15:00Z
5,Purdue Boilermakers@Illinois Fighting Illini,Illinois Fighting Illini,Fanatics,-9.5,-115,-10,-10,0.48620023,0.5348837209302325,-0.0486834909302325,0.5,FALSE,FALSE,2026-10-01T20:14:27Z,2026-10-03T20:15:00Z
5,Purdue Boilermakers@Illinois Fighting Illini,Illinois Fighting Illini,theScore Bet,-9.5,-115,-10,-10,0.48620023,0.5348837209302325,-0.0486834909302325,0.5,FALSE,FALSE,2026-10-01T20:14:32Z,2026-10-03T20:15:00Z
5,Purdue Boilermakers@Illinois Fighting Illini,Purdue Boilermakers,BetMGM,9.5,-110,10,10,0.51802104,0.5238095238095238,-0.005788483809523792,0.5,FALSE,FALSE,2026-10-01T20:14:49Z,2026-10-03T20:15:00Z
5,Purdue Boilermakers@Illinois Fighting Illini,Purdue Boilermakers,Fanatics,9.5,-105,10,10,0.51802104,0.5121951219512195,0.005825918048780521,0.5,FALSE,TRUE,2026-10-01T20:14:27Z,2026-10-03T20:15:00Z
5,Purdue Boilermakers@Illinois Fighting Illini,Purdue Boilermakers,theScore Bet,9.5,-105,10,10,0.51802104,0.5121951219512195,0.005825918048780521,0.5,FALSE,FALSE,2026-10-01T20:14:32Z,2026-10-03T20:15:00Z
5,Purdue Boilermakers@Illinois Fighting Illini,Purdue Boilermakers,Caesars,10,-112,10,10,0.51802104,0.5283018867924528,-0.01028084679245278,0,FALSE,FALSE,2026-10-01T20:12:30Z,2026-10-03T20:15:00Z
5,Purdue Boilermakers@Illinois Fighting Illini,Purdue Boilermakers,DraftKings,10,-110,10,10,0.51802104,0.5238095238095238,-0.005788483809523792,0,TRUE,FALSE,2026-10-01T20:14:26Z,2026-10-03T20:15:00Z
5,Purdue Boilermakers@Illinois Fighting Illini,Purdue Boilermakers,FanDuel,10.5,-120,10,10,0.53828742,0.5454545454545454,-0.007167125454545453,0.5,FALSE,FALSE,2026-10-01T20:15:05Z,2026-10-03T20:15:00Z
5,San Jose State Spartans@Hawaii Rainbow Warriors,Hawaii Rainbow Warriors,FanDuel,-3.5,100,-3,-4,0.48871327,0.5,-0.011286730000000023,0.5,FALSE,FALSE,2026-10-01T20:15:05Z,2026-10-04T03:59:00Z
5,San Jose State Spartans@Hawaii Rainbow Warriors,Hawaii Rainbow Warriors,Fanatics,-3.5,105,-3,-4,0.48871327,0.4878048780487805,9.083919512195004e-4,0.5,FALSE,TRUE,2026-10-01T20:14:27Z,2026-10-04T03:59:00Z
5,San Jose State Spartans@Hawaii Rainbow Warriors,Hawaii Rainbow Warriors,theScore Bet,-3.5,100,-3,-4,0.48871327,0.5,-0.011286730000000023,0.5,FALSE,FALSE,2026-10-01T20:14:32Z,2026-10-04T03:59:00Z
5,San Jose State Spartans@Hawaii Rainbow Warriors,Hawaii Rainbow Warriors,BetMGM,-3,-120,-3,-4,0.48871327,0.5454545454545454,-0.05674127545454544,0,FALSE,FALSE,2026-10-01T20:14:49Z,2026-10-04T03:59:00Z
5,San Jose State Spartans@Hawaii Rainbow Warriors,Hawaii Rainbow Warriors,Caesars,-3,-113,-3,-4,0.48871327,0.5305164319248826,-0.04180316192488265,0,TRUE,FALSE,2026-10-01T20:12:30Z,2026-10-04T03:59:00Z
5,San Jose State Spartans@Hawaii Rainbow Warriors,Hawaii Rainbow Warriors,DraftKings,-3,-115,-3,-4,0.48871327,0.5348837209302325,-0.04617045093023253,0,FALSE,FALSE,2026-10-01T20:14:26Z,2026-10-04T03:59:00Z
5,San Jose State Spartans@Hawaii Rainbow Warriors,San Jose State Spartans,BetMGM,3,-108,3,4,0.46958229,0.5192307692307693,-0.04964847923076926,0,FALSE,FALSE,2026-10-01T20:14:49Z,2026-10-04T03:59:00Z
5,San Jose State Spartans@Hawaii Rainbow Warriors,San Jose State Spartans,Caesars,3,-107,3,4,0.46958229,0.5169082125603864,-0.047325922560386424,0,FALSE,FALSE,2026-10-01T20:12:30Z,2026-10-04T03:59:00Z
5,San Jose State Spartans@Hawaii Rainbow Warriors,San Jose State Spartans,DraftKings,3,-105,3,4,0.46958229,0.5121951219512195,-0.04261283195121951,0,TRUE,FALSE,2026-10-01T20:14:26Z,2026-10-04T03:59:00Z
5,San Jose State Spartans@Hawaii Rainbow Warriors,San Jose State Spartans,FanDuel,3.5,-122,3,4,0.50947769,0.5495495495495496,-0.040071859549549615,0.5,FALSE,FALSE,2026-10-01T20:15:05Z,2026-10-04T03:59:00Z
5,San Jose State Spartans@Hawaii Rainbow Warriors,San Jose State Spartans,Fanatics,3.5,-120,3,4,0.50947769,0.5454545454545454,-0.03597685545454543,0.5,FALSE,TRUE,2026-10-01T20:14:27Z,2026-10-04T03:59:00Z
5,San Jose State Spartans@Hawaii Rainbow Warriors,San Jose State Spartans,theScore Bet,3.5,-120,3,4,0.50947769,0.5454545454545454,-0.03597685545454543,0.5,FALSE,FALSE,2026-10-01T20:14:32Z,2026-10-04T03:59:00Z
5,Stanford Cardinal@Wake Forest Demon Deacons,Stanford Cardinal,DraftKings,13.5,-105,13.5,12.5,0.53690123,0.5121951219512195,0.024706108048780484,0,FALSE,FALSE,2026-10-01T20:14:25Z,2026-10-03T16:00:00Z
5,Stanford Cardinal@Wake Forest Demon Deacons,Stanford Cardinal,FanDuel,13.5,-102,13.5,12.5,0.53690123,0.504950495049505,0.03195073495049505,0,TRUE,TRUE,2026-10-01T20:15:05Z,2026-10-03T16:00:00Z
5,Stanford Cardinal@Wake Forest Demon Deacons,Stanford Cardinal,Fanatics,13.5,-105,13.5,12.5,0.53690123,0.5121951219512195,0.024706108048780484,0,FALSE,FALSE,2026-10-01T20:14:27Z,2026-10-03T16:00:00Z
5,Stanford Cardinal@Wake Forest Demon Deacons,Stanford Cardinal,BetMGM,14,-112,13.5,12.5,0.53690123,0.5283018867924528,0.008599343207547183,0.5,FALSE,FALSE,2026-10-01T20:14:49Z,2026-10-03T16:00:00Z
5,Stanford Cardinal@Wake Forest Demon Deacons,Stanford Cardinal,theScore Bet,14.5,-120,13.5,12.5,0.55949352,0.5454545454545454,0.014038974545454552,1,FALSE,FALSE,2026-10-01T20:14:32Z,2026-10-03T16:00:00Z
5,Stanford Cardinal@Wake Forest Demon Deacons,Wake Forest Demon Deacons,theScore Bet,-14.5,100,-13.5,-12.5,0.44623236,0.5,-0.053767640000000005,1,FALSE,TRUE,2026-10-01T20:14:32Z,2026-10-03T16:00:00Z
5,Stanford Cardinal@Wake Forest Demon Deacons,Wake Forest Demon Deacons,BetMGM,-14,-105,-13.5,-12.5,0.44623236,0.5121951219512195,-0.06596276195121953,0.5,FALSE,FALSE,2026-10-01T20:14:49Z,2026-10-03T16:00:00Z
5,Stanford Cardinal@Wake Forest Demon Deacons,Wake Forest Demon Deacons,DraftKings,-13.5,-115,-13.5,-12.5,0.46619081,0.5348837209302325,-0.0686929109302325,0,TRUE,FALSE,2026-10-01T20:14:25Z,2026-10-03T16:00:00Z
5,Stanford Cardinal@Wake Forest Demon Deacons,Wake Forest Demon Deacons,FanDuel,-13.5,-120,-13.5,-12.5,0.46619081,0.5454545454545454,-0.0792637354545454,0,FALSE,FALSE,2026-10-01T20:15:05Z,2026-10-03T16:00:00Z
5,Stanford Cardinal@Wake Forest Demon Deacons,Wake Forest Demon Deacons,Fanatics,-13.5,-115,-13.5,-12.5,0.46619081,0.5348837209302325,-0.0686929109302325,0,FALSE,FALSE,2026-10-01T20:14:27Z,2026-10-03T16:00:00Z
5,Syracuse Orange@UConn Huskies,Syracuse Orange,BetMGM,-7,-105,-7,-4,0.41307344,0.5121951219512195,-0.09912168195121951,0,TRUE,FALSE,2026-10-01T20:14:49Z,2026-10-03T16:00:00Z
5,Syracuse Orange@UConn Huskies,Syracuse Orange,DraftKings,-7,-108,-7,-4,0.41307344,0.5192307692307693,-0.10615732923076926,0,FALSE,FALSE,2026-10-01T20:14:25Z,2026-10-03T16:00:00Z
5,Syracuse Orange@UConn Huskies,Syracuse Orange,Fanatics,-7,-105,-7,-4,0.41307344,0.5121951219512195,-0.09912168195121951,0,FALSE,FALSE,2026-10-01T20:14:27Z,2026-10-03T16:00:00Z
5,Syracuse Orange@UConn Huskies,Syracuse Orange,FanDuel,-6.5,-120,-7,-4,0.44187371,0.5454545454545454,-0.10358083545454544,0.5,FALSE,FALSE,2026-10-01T20:15:05Z,2026-10-03T16:00:00Z
5,Syracuse Orange@UConn Huskies,Syracuse Orange,theScore Bet,-6.5,-105,-7,-4,0.44187371,0.5121951219512195,-0.07032141195121955,0.5,FALSE,TRUE,2026-10-01T20:14:32Z,2026-10-03T16:00:00Z
5,Syracuse Orange@UConn Huskies,UConn Huskies,FanDuel,6.5,-102,7,4,0.55566239,0.504950495049505,0.050711894950494996,0.5,FALSE,TRUE,2026-10-01T20:15:05Z,2026-10-03T16:00:00Z
5,Syracuse Orange@UConn Huskies,UConn Huskies,theScore Bet,6.5,-115,7,4,0.55566239,0.5348837209302325,0.02077866906976744,0.5,FALSE,FALSE,2026-10-01T20:14:32Z,2026-10-03T16:00:00Z
5,Syracuse Orange@UConn Huskies,UConn Huskies,BetMGM,7,-115,7,4,0.55566239,0.5348837209302325,0.02077866906976744,0,FALSE,FALSE,2026-10-01T20:14:49Z,2026-10-03T16:00:00Z
5,Syracuse Orange@UConn Huskies,UConn Huskies,DraftKings,7,-112,7,4,0.55566239,0.5283018867924528,0.027360503207547127,0,TRUE,FALSE,2026-10-01T20:14:25Z,2026-10-03T16:00:00Z
5,Syracuse Orange@UConn Huskies,UConn Huskies,Fanatics,7,-115,7,4,0.55566239,0.5348837209302325,0.02077866906976744,0,FALSE,FALSE,2026-10-01T20:14:27Z,2026-10-03T16:00:00Z
5,Temple Owls@South Florida Bulls,South Florida Bulls,BetMGM,-6.5,-108,-6.5,-9,0.52805983,0.5192307692307693,0.008829060769230734,0,TRUE,TRUE,2026-10-01T20:14:49Z,2026-10-03T23:30:00Z
5,Temple Owls@South Florida Bulls,South Florida Bulls,Caesars,-6.5,-110,-6.5,-9,0.52805983,0.5238095238095238,0.004250306190476172,0,FALSE,FALSE,2026-10-01T20:12:30Z,2026-10-03T23:30:00Z
5,Temple Owls@South Florida Bulls,South Florida Bulls,DraftKings,-6.5,-112,-6.5,-9,0.52805983,0.5283018867924528,-2.4205679245281608e-4,0,FALSE,FALSE,2026-10-01T20:14:26Z,2026-10-03T23:30:00Z
5,Temple Owls@South Florida Bulls,South Florida Bulls,FanDuel,-6.5,-110,-6.5,-9,0.52805983,0.5238095238095238,0.004250306190476172,0,FALSE,FALSE,2026-10-01T20:15:05Z,2026-10-03T23:30:00Z
5,Temple Owls@South Florida Bulls,South Florida Bulls,Fanatics,-6.5,-110,-6.5,-9,0.52805983,0.5238095238095238,0.004250306190476172,0,FALSE,FALSE,2026-10-01T20:14:27Z,2026-10-03T23:30:00Z
5,Temple Owls@South Florida Bulls,South Florida Bulls,theScore Bet,-6.5,-110,-6.5,-9,0.52805983,0.5238095238095238,0.004250306190476172,0,FALSE,FALSE,2026-10-01T20:14:32Z,2026-10-03T23:30:00Z
5,Temple Owls@South Florida Bulls,Temple Owls,BetMGM,6.5,-110,6.5,9,0.46954575,0.5238095238095238,-0.05426377380952385,0,FALSE,FALSE,2026-10-01T20:14:49Z,2026-10-03T23:30:00Z
5,Temple Owls@South Florida Bulls,Temple Owls,Caesars,6.5,-110,6.5,9,0.46954575,0.5238095238095238,-0.05426377380952385,0,FALSE,FALSE,2026-10-01T20:12:30Z,2026-10-03T23:30:00Z
5,Temple Owls@South Florida Bulls,Temple Owls,DraftKings,6.5,-108,6.5,9,0.46954575,0.5192307692307693,-0.04968501923076929,0,TRUE,TRUE,2026-10-01T20:14:26Z,2026-10-03T23:30:00Z
5,Temple Owls@South Florida Bulls,Temple Owls,FanDuel,6.5,-110,6.5,9,0.46954575,0.5238095238095238,-0.05426377380952385,0,FALSE,FALSE,2026-10-01T20:15:05Z,2026-10-03T23:30:00Z
5,Temple Owls@South Florida Bulls,Temple Owls,Fanatics,6.5,-110,6.5,9,0.46954575,0.5238095238095238,-0.05426377380952385,0,FALSE,FALSE,2026-10-01T20:14:27Z,2026-10-03T23:30:00Z
5,Temple Owls@South Florida Bulls,Temple Owls,theScore Bet,6.5,-110,6.5,9,0.46954575,0.5238095238095238,-0.05426377380952385,0,FALSE,FALSE,2026-10-01T20:14:32Z,2026-10-03T23:30:00Z
5,Texas State Bobcats@San Diego State Aztecs,San Diego State Aztecs,BetMGM,7.5,-110,7.5,2.5,0.60963669,0.5238095238095238,0.08582716619047615,0,FALSE,FALSE,2026-10-01T20:14:49Z,2026-10-04T02:30:00Z
5,Texas State Bobcats@San Diego State Aztecs,San Diego State Aztecs,Caesars,7.5,-108,7.5,2.5,0.60963669,0.5192307692307693,0.09040592076923071,0,FALSE,FALSE,2026-10-01T20:12:30Z,2026-10-04T02:30:00Z
5,Texas State Bobcats@San Diego State Aztecs,San Diego State Aztecs,FanDuel,7.5,-102,7.5,2.5,0.60963669,0.504950495049505,0.10468619495049503,0,TRUE,TRUE,2026-10-01T20:15:05Z,2026-10-04T02:30:00Z
5,Texas State Bobcats@San Diego State Aztecs,San Diego State Aztecs,Fanatics,7.5,-110,7.5,2.5,0.60963669,0.5238095238095238,0.08582716619047615,0,FALSE,FALSE,2026-10-01T20:14:27Z,2026-10-04T02:30:00Z
5,Texas State Bobcats@San Diego State Aztecs,San Diego State Aztecs,DraftKings,8.5,-112,7.5,2.5,0.62398168,0.5283018867924528,0.09567979320754716,1,FALSE,FALSE,2026-10-01T20:14:26Z,2026-10-04T02:30:00Z
5,Texas State Bobcats@San Diego State Aztecs,San Diego State Aztecs,theScore Bet,8.5,-115,7.5,2.5,0.62398168,0.5348837209302325,0.08909795906976747,1,FALSE,FALSE,2026-10-01T20:14:32Z,2026-10-04T02:30:00Z
5,Texas State Bobcats@San Diego State Aztecs,Texas State Bobcats,DraftKings,-8.5,-108,-7.5,-2.5,0.37722272,0.5192307692307693,-0.14200804923076926,1,FALSE,FALSE,2026-10-01T20:14:26Z,2026-10-04T02:30:00Z
5,Texas State Bobcats@San Diego State Aztecs,Texas State Bobcats,theScore Bet,-8.5,-105,-7.5,-2.5,0.37722272,0.5121951219512195,-0.1349724019512195,1,FALSE,FALSE,2026-10-01T20:14:32Z,2026-10-04T02:30:00Z
5,Texas State Bobcats@San Diego State Aztecs,Texas State Bobcats,BetMGM,-7.5,-118,-7.5,-2.5,0.39300059,0.5412844036697247,-0.14828381366972476,0,FALSE,FALSE,2026-10-01T20:14:49Z,2026-10-04T02:30:00Z
5,Texas State Bobcats@San Diego State Aztecs,Texas State Bobcats,Caesars,-7.5,-112,-7.5,-2.5,0.39300059,0.5283018867924528,-0.13530129679245284,0,FALSE,FALSE,2026-10-01T20:12:30Z,2026-10-04T02:30:00Z
5,Texas State Bobcats@San Diego State Aztecs,Texas State Bobcats,FanDuel,-7.5,-120,-7.5,-2.5,0.39300059,0.5454545454545454,-0.15245395545454543,0,FALSE,FALSE,2026-10-01T20:15:05Z,2026-10-04T02:30:00Z
5,Texas State Bobcats@San Diego State Aztecs,Texas State Bobcats,Fanatics,-7.5,-110,-7.5,-2.5,0.39300059,0.5238095238095238,-0.13080893380952385,0,TRUE,TRUE,2026-10-01T20:14:27Z,2026-10-04T02:30:00Z
5,Texas Tech Red Raiders@Colorado Buffaloes,Colorado Buffaloes,DraftKings,12.5,-108,13,15,0.47910934,0.5192307692307693,-0.04012142923076928,0.5,FALSE,TRUE,2026-10-01T20:14:26Z,2026-10-03T23:31:00Z
5,Texas Tech Red Raiders@Colorado Buffaloes,Colorado Buffaloes,FanDuel,12.5,-110,13,15,0.47910934,0.5238095238095238,-0.04470018380952384,0.5,FALSE,FALSE,2026-10-01T20:15:05Z,2026-10-03T23:31:00Z
5,Texas Tech Red Raiders@Colorado Buffaloes,Colorado Buffaloes,theScore Bet,12.5,-110,13,15,0.47910934,0.5238095238095238,-0.04470018380952384,0.5,FALSE,FALSE,2026-10-01T20:14:32Z,2026-10-03T23:31:00Z
5,Texas Tech Red Raiders@Colorado Buffaloes,Colorado Buffaloes,BetMGM,13,-110,13,15,0.47910934,0.5238095238095238,-0.04470018380952384,0,FALSE,FALSE,2026-10-01T20:14:49Z,2026-10-03T23:31:00Z
5,Texas Tech Red Raiders@Colorado Buffaloes,Colorado Buffaloes,Caesars,13,-109,13,15,0.47910934,0.5215311004784688,-0.04242176047846885,0,TRUE,FALSE,2026-10-01T20:12:30Z,2026-10-03T23:31:00Z
5,Texas Tech Red Raiders@Colorado Buffaloes,Colorado Buffaloes,Fanatics,13,-110,13,15,0.47910934,0.5238095238095238,-0.04470018380952384,0,FALSE,FALSE,2026-10-01T20:14:27Z,2026-10-03T23:31:00Z
5,Texas Tech Red Raiders@Colorado Buffaloes,Texas Tech Red Raiders,BetMGM,-13,-108,-13,-15,0.51018408,0.5192307692307693,-0.009046689230769234,0,TRUE,FALSE,2026-10-01T20:14:49Z,2026-10-03T23:31:00Z
5,Texas Tech Red Raiders@Colorado Buffaloes,Texas Tech Red Raiders,Caesars,-13,-110,-13,-15,0.51018408,0.5238095238095238,-0.013625443809523796,0,FALSE,FALSE,2026-10-01T20:12:30Z,2026-10-03T23:31:00Z
5,Texas Tech Red Raiders@Colorado Buffaloes,Texas Tech Red Raiders,Fanatics,-13,-110,-13,-15,0.51018408,0.5238095238095238,-0.013625443809523796,0,FALSE,FALSE,2026-10-01T20:14:27Z,2026-10-03T23:31:00Z
5,Texas Tech Red Raiders@Colorado Buffaloes,Texas Tech Red Raiders,DraftKings,-12.5,-112,-13,-15,0.52551886,0.5283018867924528,-0.002783026792452792,0.5,FALSE,FALSE,2026-10-01T20:14:26Z,2026-10-03T23:31:00Z
5,Texas Tech Red Raiders@Colorado Buffaloes,Texas Tech Red Raiders,FanDuel,-12.5,-110,-13,-15,0.52551886,0.5238095238095238,0.0017093361904761961,0.5,FALSE,TRUE,2026-10-01T20:15:05Z,2026-10-03T23:31:00Z
5,Texas Tech Red Raiders@Colorado Buffaloes,Texas Tech Red Raiders,theScore Bet,-12.5,-110,-13,-15,0.52551886,0.5238095238095238,0.0017093361904761961,0.5,FALSE,FALSE,2026-10-01T20:14:32Z,2026-10-03T23:31:00Z
5,Toledo Rockets@Ball State Cardinals,Ball State Cardinals,BetMGM,20.5,-108,20.5,18,0.55206254,0.5192307692307693,0.03283177076923072,0,FALSE,FALSE,2026-10-01T20:14:49Z,2026-10-03T18:00:00Z
5,Toledo Rockets@Ball State Cardinals,Ball State Cardinals,DraftKings,20.5,-108,20.5,18,0.55206254,0.5192307692307693,0.03283177076923072,0,FALSE,FALSE,2026-10-01T20:14:26Z,2026-10-03T18:00:00Z
5,Toledo Rockets@Ball State Cardinals,Ball State Cardinals,FanDuel,20.5,-110,20.5,18,0.55206254,0.5238095238095238,0.028253016190476155,0,FALSE,FALSE,2026-10-01T20:15:05Z,2026-10-03T18:00:00Z
5,Toledo Rockets@Ball State Cardinals,Ball State Cardinals,Fanatics,20.5,-110,20.5,18,0.55206254,0.5238095238095238,0.028253016190476155,0,FALSE,FALSE,2026-10-01T20:14:27Z,2026-10-03T18:00:00Z
5,Toledo Rockets@Ball State Cardinals,Ball State Cardinals,theScore Bet,20.5,-105,20.5,18,0.55206254,0.5121951219512195,0.03986741804878047,0,TRUE,TRUE,2026-10-01T20:14:32Z,2026-10-03T18:00:00Z
5,Toledo Rockets@Ball State Cardinals,Toledo Rockets,BetMGM,-20.5,-110,-20.5,-18,0.4452636,0.5238095238095238,-0.07854592380952385,0,TRUE,TRUE,2026-10-01T20:14:49Z,2026-10-03T18:00:00Z
5,Toledo Rockets@Ball State Cardinals,Toledo Rockets,DraftKings,-20.5,-112,-20.5,-18,0.4452636,0.5283018867924528,-0.08303828679245284,0,FALSE,FALSE,2026-10-01T20:14:26Z,2026-10-03T18:00:00Z
5,Toledo Rockets@Ball State Cardinals,Toledo Rockets,FanDuel,-20.5,-110,-20.5,-18,0.4452636,0.5238095238095238,-0.07854592380952385,0,FALSE,FALSE,2026-10-01T20:15:05Z,2026-10-03T18:00:00Z
5,Toledo Rockets@Ball State Cardinals,Toledo Rockets,Fanatics,-20.5,-110,-20.5,-18,0.4452636,0.5238095238095238,-0.07854592380952385,0,FALSE,FALSE,2026-10-01T20:14:27Z,2026-10-03T18:00:00Z
5,Toledo Rockets@Ball State Cardinals,Toledo Rockets,theScore Bet,-20.5,-115,-20.5,-18,0.4452636,0.5348837209302325,-0.08962012093023253,0,FALSE,FALSE,2026-10-01T20:14:32Z,2026-10-03T18:00:00Z
5,UCF Knights@Houston Cougars,Houston Cougars,Caesars,-11.5,-109,-11.5,-10.5,0.46152764,0.5215311004784688,-0.06000346047846883,0,FALSE,FALSE,2026-10-01T20:12:30Z,2026-10-03T16:00:00Z
5,UCF Knights@Houston Cougars,Houston Cougars,DraftKings,-11.5,-108,-11.5,-10.5,0.46152764,0.5192307692307693,-0.05770312923076926,0,FALSE,FALSE,2026-10-01T20:14:25Z,2026-10-03T16:00:00Z
5,UCF Knights@Houston Cougars,Houston Cougars,FanDuel,-11.5,-105,-11.5,-10.5,0.46152764,0.5121951219512195,-0.050667481951219506,0,TRUE,TRUE,2026-10-01T20:15:05Z,2026-10-03T16:00:00Z
5,UCF Knights@Houston Cougars,Houston Cougars,Fanatics,-11.5,-110,-11.5,-10.5,0.46152764,0.5238095238095238,-0.06228188380952382,0,FALSE,FALSE,2026-10-01T20:14:27Z,2026-10-03T16:00:00Z
5,UCF Knights@Houston Cougars,Houston Cougars,theScore Bet,-11.5,-110,-11.5,-10.5,0.46152764,0.5238095238095238,-0.06228188380952382,0,FALSE,FALSE,2026-10-01T20:14:32Z,2026-10-03T16:00:00Z
5,UCF Knights@Houston Cougars,Houston Cougars,BetMGM,-11,-110,-11.5,-10.5,0.46152764,0.5238095238095238,-0.06228188380952382,0.5,FALSE,FALSE,2026-10-01T20:14:49Z,2026-10-03T16:00:00Z
5,UCF Knights@Houston Cougars,UCF Knights,BetMGM,11,-108,11.5,10.5,0.52954904,0.5192307692307693,0.010318270769230753,0.5,FALSE,FALSE,2026-10-01T20:14:49Z,2026-10-03T16:00:00Z
5,UCF Knights@Houston Cougars,UCF Knights,Caesars,11.5,-110,11.5,10.5,0.54503505,0.5238095238095238,0.02122552619047613,0,TRUE,TRUE,2026-10-01T20:12:30Z,2026-10-03T16:00:00Z
5,UCF Knights@Houston Cougars,UCF Knights,DraftKings,11.5,-112,11.5,10.5,0.54503505,0.5283018867924528,0.01673316320754714,0,FALSE,FALSE,2026-10-01T20:14:25Z,2026-10-03T16:00:00Z
5,UCF Knights@Houston Cougars,UCF Knights,FanDuel,11.5,-115,11.5,10.5,0.54503505,0.5348837209302325,0.010151329069767456,0,FALSE,FALSE,2026-10-01T20:15:05Z,2026-10-03T16:00:00Z
5,UCF Knights@Houston Cougars,UCF Knights,Fanatics,11.5,-110,11.5,10.5,0.54503505,0.5238095238095238,0.02122552619047613,0,FALSE,FALSE,2026-10-01T20:14:27Z,2026-10-03T16:00:00Z
5,UCF Knights@Houston Cougars,UCF Knights,theScore Bet,11.5,-110,11.5,10.5,0.54503505,0.5238095238095238,0.02122552619047613,0,FALSE,FALSE,2026-10-01T20:14:32Z,2026-10-03T16:00:00Z
5,UL Monroe Warhawks@South Alabama Jaguars,South Alabama Jaguars,theScore Bet,-14.5,100,-14,-14,0.47252741,0.5,-0.02747259000000002,0.5,FALSE,TRUE,2026-10-01T20:14:32Z,2026-10-03T23:00:00Z
5,UL Monroe Warhawks@South Alabama Jaguars,South Alabama Jaguars,BetMGM,-14,-112,-14,-14,0.47252741,0.5283018867924528,-0.05577447679245284,0,FALSE,FALSE,2026-10-01T20:14:49Z,2026-10-03T23:00:00Z
5,UL Monroe Warhawks@South Alabama Jaguars,South Alabama Jaguars,DraftKings,-14,-115,-14,-14,0.47252741,0.5348837209302325,-0.06235631093023253,0,FALSE,FALSE,2026-10-01T20:14:26Z,2026-10-03T23:00:00Z
5,UL Monroe Warhawks@South Alabama Jaguars,South Alabama Jaguars,Fanatics,-14,-110,-14,-14,0.47252741,0.5238095238095238,-0.051282113809523855,0,TRUE,FALSE,2026-10-01T20:14:27Z,2026-10-03T23:00:00Z
5,UL Monroe Warhawks@South Alabama Jaguars,South Alabama Jaguars,FanDuel,-13.5,-118,-14,-14,0.49255789,0.5412844036697247,-0.04872651366972475,0.5,FALSE,FALSE,2026-10-01T20:15:05Z,2026-10-03T23:00:00Z
5,UL Monroe Warhawks@South Alabama Jaguars,UL Monroe Warhawks,FanDuel,13.5,-102,14,14,0.51041423,0.504950495049505,0.005463734950495014,0.5,FALSE,TRUE,2026-10-01T20:15:05Z,2026-10-03T23:00:00Z
5,UL Monroe Warhawks@South Alabama Jaguars,UL Monroe Warhawks,BetMGM,14,-105,14,14,0.51041423,0.5121951219512195,-0.0017808919512195542,0,TRUE,FALSE,2026-10-01T20:14:49Z,2026-10-03T23:00:00Z
5,UL Monroe Warhawks@South Alabama Jaguars,UL Monroe Warhawks,DraftKings,14,-105,14,14,0.51041423,0.5121951219512195,-0.0017808919512195542,0,FALSE,FALSE,2026-10-01T20:14:26Z,2026-10-03T23:00:00Z
5,UL Monroe Warhawks@South Alabama Jaguars,UL Monroe Warhawks,Fanatics,14,-110,14,14,0.51041423,0.5238095238095238,-0.013395293809523867,0,FALSE,FALSE,2026-10-01T20:14:27Z,2026-10-03T23:00:00Z
5,UL Monroe Warhawks@South Alabama Jaguars,UL Monroe Warhawks,theScore Bet,14.5,-120,14,14,0.53308639,0.5454545454545454,-0.012368155454545393,0.5,FALSE,FALSE,2026-10-01T20:14:32Z,2026-10-03T23:00:00Z
5,UTEP Miners@New Mexico Lobos,New Mexico Lobos,BetMGM,-22.5,-110,-22.5,-21,0.46305604,0.5238095238095238,-0.060753483809523834,0,TRUE,TRUE,2026-10-01T20:14:49Z,2026-10-03T20:00:00Z
5,UTEP Miners@New Mexico Lobos,New Mexico Lobos,DraftKings,-22.5,-112,-22.5,-21,0.46305604,0.5283018867924528,-0.06524584679245282,0,FALSE,FALSE,2026-10-01T20:14:26Z,2026-10-03T20:00:00Z
5,UTEP Miners@New Mexico Lobos,New Mexico Lobos,FanDuel,-22.5,-110,-22.5,-21,0.46305604,0.5238095238095238,-0.060753483809523834,0,FALSE,FALSE,2026-10-01T20:15:05Z,2026-10-03T20:00:00Z
5,UTEP Miners@New Mexico Lobos,New Mexico Lobos,Fanatics,-22.5,-110,-22.5,-21,0.46305604,0.5238095238095238,-0.060753483809523834,0,FALSE,FALSE,2026-10-01T20:14:27Z,2026-10-03T20:00:00Z
5,UTEP Miners@New Mexico Lobos,New Mexico Lobos,theScore Bet,-22.5,-110,-22.5,-21,0.46305604,0.5238095238095238,-0.060753483809523834,0,FALSE,FALSE,2026-10-01T20:14:32Z,2026-10-03T20:00:00Z
5,UTEP Miners@New Mexico Lobos,UTEP Miners,BetMGM,22.5,-108,22.5,21,0.53751022,0.5192307692307693,0.018279450769230765,0,TRUE,TRUE,2026-10-01T20:14:49Z,2026-10-03T20:00:00Z
5,UTEP Miners@New Mexico Lobos,UTEP Miners,DraftKings,22.5,-108,22.5,21,0.53751022,0.5192307692307693,0.018279450769230765,0,FALSE,FALSE,2026-10-01T20:14:26Z,2026-10-03T20:00:00Z
5,UTEP Miners@New Mexico Lobos,UTEP Miners,FanDuel,22.5,-110,22.5,21,0.53751022,0.5238095238095238,0.013700696190476203,0,FALSE,FALSE,2026-10-01T20:15:05Z,2026-10-03T20:00:00Z
5,UTEP Miners@New Mexico Lobos,UTEP Miners,Fanatics,22.5,-110,22.5,21,0.53751022,0.5238095238095238,0.013700696190476203,0,FALSE,FALSE,2026-10-01T20:14:27Z,2026-10-03T20:00:00Z
5,UTEP Miners@New Mexico Lobos,UTEP Miners,theScore Bet,22.5,-110,22.5,21,0.53751022,0.5238095238095238,0.013700696190476203,0,FALSE,FALSE,2026-10-01T20:14:32Z,2026-10-03T20:00:00Z
5,UTSA Roadrunners@Rice Owls,Rice Owls,BetMGM,11.5,-110,11.5,9.5,0.56244606,0.5238095238095238,0.038636536190476134,0,FALSE,FALSE,2026-10-01T20:14:49Z,2026-10-03T23:00:00Z
5,UTSA Roadrunners@Rice Owls,Rice Owls,DraftKings,11.5,-112,11.5,9.5,0.56244606,0.5283018867924528,0.034144173207547146,0,FALSE,FALSE,2026-10-01T20:14:26Z,2026-10-03T23:00:00Z
5,UTSA Roadrunners@Rice Owls,Rice Owls,FanDuel,11.5,-110,11.5,9.5,0.56244606,0.5238095238095238,0.038636536190476134,0,FALSE,FALSE,2026-10-01T20:15:05Z,2026-10-03T23:00:00Z
5,UTSA Roadrunners@Rice Owls,Rice Owls,Fanatics,11.5,-110,11.5,9.5,0.56244606,0.5238095238095238,0.038636536190476134,0,FALSE,FALSE,2026-10-01T20:14:27Z,2026-10-03T23:00:00Z
5,UTSA Roadrunners@Rice Owls,Rice Owls,theScore Bet,11.5,-105,11.5,9.5,0.56244606,0.5121951219512195,0.05025093804878045,0,TRUE,TRUE,2026-10-01T20:14:32Z,2026-10-03T23:00:00Z
5,UTSA Roadrunners@Rice Owls,UTSA Roadrunners,BetMGM,-11.5,-108,-11.5,-9.5,0.44414064,0.5192307692307693,-0.0750901292307693,0,TRUE,TRUE,2026-10-01T20:14:49Z,2026-10-03T23:00:00Z
5,UTSA Roadrunners@Rice Owls,UTSA Roadrunners,DraftKings,-11.5,-108,-11.5,-9.5,0.44414064,0.5192307692307693,-0.0750901292307693,0,FALSE,FALSE,2026-10-01T20:14:26Z,2026-10-03T23:00:00Z
5,UTSA Roadrunners@Rice Owls,UTSA Roadrunners,FanDuel,-11.5,-110,-11.5,-9.5,0.44414064,0.5238095238095238,-0.07966888380952386,0,FALSE,FALSE,2026-10-01T20:15:05Z,2026-10-03T23:00:00Z
5,UTSA Roadrunners@Rice Owls,UTSA Roadrunners,Fanatics,-11.5,-110,-11.5,-9.5,0.44414064,0.5238095238095238,-0.07966888380952386,0,FALSE,FALSE,2026-10-01T20:14:27Z,2026-10-03T23:00:00Z
5,UTSA Roadrunners@Rice Owls,UTSA Roadrunners,theScore Bet,-11.5,-115,-11.5,-9.5,0.44414064,0.5348837209302325,-0.09074308093023253,0,FALSE,FALSE,2026-10-01T20:14:32Z,2026-10-03T23:00:00Z
5,Utah State Aggies@Boise State Broncos,Boise State Broncos,Caesars,-20.5,-109,-20.5,-24,0.56202596,0.5215311004784688,0.0404948595215312,0,FALSE,FALSE,2026-10-01T20:12:30Z,2026-10-03T23:30:00Z
5,Utah State Aggies@Boise State Broncos,Boise State Broncos,DraftKings,-20.5,-110,-20.5,-24,0.56202596,0.5238095238095238,0.03821643619047621,0,FALSE,FALSE,2026-10-01T20:14:26Z,2026-10-03T23:30:00Z
5,Utah State Aggies@Boise State Broncos,Boise State Broncos,FanDuel,-20.5,-108,-20.5,-24,0.56202596,0.5192307692307693,0.04279519076923077,0,TRUE,TRUE,2026-10-01T20:15:05Z,2026-10-03T23:30:00Z
5,Utah State Aggies@Boise State Broncos,Boise State Broncos,theScore Bet,-20.5,-110,-20.5,-24,0.56202596,0.5238095238095238,0.03821643619047621,0,FALSE,FALSE,2026-10-01T20:14:32Z,2026-10-03T23:30:00Z
5,Utah State Aggies@Boise State Broncos,Boise State Broncos,BetMGM,-20,-110,-20.5,-24,0.56202596,0.5238095238095238,0.03821643619047621,0.5,FALSE,FALSE,2026-10-01T20:14:49Z,2026-10-03T23:30:00Z
5,Utah State Aggies@Boise State Broncos,Boise State Broncos,Fanatics,-20,-110,-20.5,-24,0.56202596,0.5238095238095238,0.03821643619047621,0.5,FALSE,FALSE,2026-10-01T20:14:27Z,2026-10-03T23:30:00Z
5,Utah State Aggies@Boise State Broncos,Utah State Aggies,BetMGM,20,-108,20.5,24,0.41855843,0.5192307692307693,-0.10067233923076929,0.5,FALSE,FALSE,2026-10-01T20:14:49Z,2026-10-03T23:30:00Z
5,Utah State Aggies@Boise State Broncos,Utah State Aggies,Fanatics,20,-110,20.5,24,0.41855843,0.5238095238095238,-0.10525109380952385,0.5,FALSE,FALSE,2026-10-01T20:14:27Z,2026-10-03T23:30:00Z
5,Utah State Aggies@Boise State Broncos,Utah State Aggies,Caesars,20.5,-110,20.5,24,0.43686204,0.5238095238095238,-0.08694748380952383,0,TRUE,TRUE,2026-10-01T20:12:30Z,2026-10-03T23:30:00Z
5,Utah State Aggies@Boise State Broncos,Utah State Aggies,DraftKings,20.5,-110,20.5,24,0.43686204,0.5238095238095238,-0.08694748380952383,0,FALSE,FALSE,2026-10-01T20:14:26Z,2026-10-03T23:30:00Z
5,Utah State Aggies@Boise State Broncos,Utah State Aggies,FanDuel,20.5,-112,20.5,24,0.43686204,0.5283018867924528,-0.09143984679245282,0,FALSE,FALSE,2026-10-01T20:15:05Z,2026-10-03T23:30:00Z
5,Utah State Aggies@Boise State Broncos,Utah State Aggies,theScore Bet,20.5,-110,20.5,24,0.43686204,0.5238095238095238,-0.08694748380952383,0,FALSE,FALSE,2026-10-01T20:14:32Z,2026-10-03T23:30:00Z
5,Vanderbilt Commodores@Georgia Bulldogs,Georgia Bulldogs,Caesars,-25.5,-107,-25,-22,0.42869426,0.5169082125603864,-0.08821395256038644,0.5,FALSE,TRUE,2026-10-01T20:12:30Z,2026-10-03T16:45:00Z
5,Vanderbilt Commodores@Georgia Bulldogs,Georgia Bulldogs,DraftKings,-25.5,-108,-25,-22,0.42869426,0.5192307692307693,-0.09053650923076928,0.5,FALSE,FALSE,2026-10-01T20:14:26Z,2026-10-03T16:45:00Z
5,Vanderbilt Commodores@Georgia Bulldogs,Georgia Bulldogs,theScore Bet,-25.5,-110,-25,-22,0.42869426,0.5238095238095238,-0.09511526380952384,0.5,FALSE,FALSE,2026-10-01T20:14:32Z,2026-10-03T16:45:00Z
5,Vanderbilt Commodores@Georgia Bulldogs,Georgia Bulldogs,BetMGM,-25,-110,-25,-22,0.42869426,0.5238095238095238,-0.09511526380952384,0,TRUE,FALSE,2026-10-01T20:14:49Z,2026-10-03T16:45:00Z
5,Vanderbilt Commodores@Georgia Bulldogs,Georgia Bulldogs,Fanatics,-25,-110,-25,-22,0.42869426,0.5238095238095238,-0.09511526380952384,0,FALSE,FALSE,2026-10-01T20:14:27Z,2026-10-03T16:45:00Z
5,Vanderbilt Commodores@Georgia Bulldogs,Georgia Bulldogs,FanDuel,-24.5,-118,-25,-22,0.44580349,0.5412844036697247,-0.09548091366972472,0.5,FALSE,FALSE,2026-10-01T20:15:05Z,2026-10-03T16:45:00Z
5,Vanderbilt Commodores@Georgia Bulldogs,Vanderbilt Commodores,FanDuel,24.5,-104,25,22,0.55434804,0.5098039215686274,0.044544118431372626,0.5,FALSE,FALSE,2026-10-01T20:15:05Z,2026-10-03T16:45:00Z
5,Vanderbilt Commodores@Georgia Bulldogs,Vanderbilt Commodores,BetMGM,25,-110,25,22,0.55434804,0.5238095238095238,0.030538516190476206,0,TRUE,FALSE,2026-10-01T20:14:49Z,2026-10-03T16:45:00Z
5,Vanderbilt Commodores@Georgia Bulldogs,Vanderbilt Commodores,Fanatics,25,-110,25,22,0.55434804,0.5238095238095238,0.030538516190476206,0,FALSE,FALSE,2026-10-01T20:14:27Z,2026-10-03T16:45:00Z
5,Vanderbilt Commodores@Georgia Bulldogs,Vanderbilt Commodores,Caesars,25.5,-113,25,22,0.56962541,0.5305164319248826,0.03910897807511737,0.5,FALSE,FALSE,2026-10-01T20:12:30Z,2026-10-03T16:45:00Z
5,Vanderbilt Commodores@Georgia Bulldogs,Vanderbilt Commodores,DraftKings,25.5,-112,25,22,0.56962541,0.5283018867924528,0.041323523207547175,0.5,FALSE,FALSE,2026-10-01T20:14:26Z,2026-10-03T16:45:00Z
5,Vanderbilt Commodores@Georgia Bulldogs,Vanderbilt Commodores,theScore Bet,25.5,-110,25,22,0.56962541,0.5238095238095238,0.04581588619047616,0.5,FALSE,TRUE,2026-10-01T20:14:32Z,2026-10-03T16:45:00Z
5,Virginia Cavaliers@Florida State Seminoles,Florida State Seminoles,BetMGM,2.5,-108,2.5,1.5,0.51239297,0.5192307692307693,-0.006837799230769326,0,FALSE,FALSE,2026-10-01T20:14:49Z,2026-10-03T19:30:00Z
5,Virginia Cavaliers@Florida State Seminoles,Florida State Seminoles,Caesars,2.5,-105,2.5,1.5,0.51239297,0.5121951219512195,1.978480487804246e-4,0,FALSE,FALSE,2026-10-01T20:12:30Z,2026-10-03T19:30:00Z
5,Virginia Cavaliers@Florida State Seminoles,Florida State Seminoles,DraftKings,2.5,-105,2.5,1.5,0.51239297,0.5121951219512195,1.978480487804246e-4,0,FALSE,FALSE,2026-10-01T20:14:26Z,2026-10-03T19:30:00Z
5,Virginia Cavaliers@Florida State Seminoles,Florida State Seminoles,FanDuel,2.5,-104,2.5,1.5,0.51239297,0.5098039215686274,0.0025890484313725315,0,FALSE,FALSE,2026-10-01T20:15:05Z,2026-10-03T19:30:00Z
5,Virginia Cavaliers@Florida State Seminoles,Florida State Seminoles,theScore Bet,2.5,100,2.5,1.5,0.51239297,0.5,0.012392969999999948,0,TRUE,TRUE,2026-10-01T20:14:32Z,2026-10-03T19:30:00Z
5,Virginia Cavaliers@Florida State Seminoles,Florida State Seminoles,Fanatics,3,-115,2.5,1.5,0.51239297,0.5348837209302325,-0.02249075093023256,0.5,FALSE,FALSE,2026-10-01T20:14:27Z,2026-10-03T19:30:00Z
5,Virginia Cavaliers@Florida State Seminoles,Virginia Cavaliers,Fanatics,-3,-105,-2.5,-1.5,0.44594403,0.5121951219512195,-0.06625109195121953,0.5,FALSE,FALSE,2026-10-01T20:14:27Z,2026-10-03T19:30:00Z
5,Virginia Cavaliers@Florida State Seminoles,Virginia Cavaliers,BetMGM,-2.5,-120,-2.5,-1.5,0.48447197,0.5454545454545454,-0.06098257545454544,0,FALSE,FALSE,2026-10-01T20:14:49Z,2026-10-03T19:30:00Z
5,Virginia Cavaliers@Florida State Seminoles,Virginia Cavaliers,Caesars,-2.5,-115,-2.5,-1.5,0.48447197,0.5348837209302325,-0.050411750930232535,0,TRUE,TRUE,2026-10-01T20:12:30Z,2026-10-03T19:30:00Z
5,Virginia Cavaliers@Florida State Seminoles,Virginia Cavaliers,DraftKings,-2.5,-115,-2.5,-1.5,0.48447197,0.5348837209302325,-0.050411750930232535,0,FALSE,FALSE,2026-10-01T20:14:26Z,2026-10-03T19:30:00Z
5,Virginia Cavaliers@Florida State Seminoles,Virginia Cavaliers,FanDuel,-2.5,-118,-2.5,-1.5,0.48447197,0.5412844036697247,-0.05681243366972477,0,FALSE,FALSE,2026-10-01T20:15:05Z,2026-10-03T19:30:00Z
5,Virginia Cavaliers@Florida State Seminoles,Virginia Cavaliers,theScore Bet,-2.5,-120,-2.5,-1.5,0.48447197,0.5454545454545454,-0.06098257545454544,0,FALSE,FALSE,2026-10-01T20:14:32Z,2026-10-03T19:30:00Z
5,Washington Huskies@USC Trojans,USC Trojans,BetMGM,-10,-108,-9.5,-8,0.4332,0.5192307692307693,-0.0860307692307693,0.5,FALSE,FALSE,2026-10-01T20:14:49Z,2026-10-03T23:30:00Z
5,Washington Huskies@USC Trojans,USC Trojans,Caesars,-9.5,-114,-9.5,-8,0.45144615,0.5327102803738317,-0.08126413037383173,0,TRUE,TRUE,2026-10-01T20:12:30Z,2026-10-03T23:30:00Z
5,Washington Huskies@USC Trojans,USC Trojans,DraftKings,-9.5,-115,-9.5,-8,0.45144615,0.5348837209302325,-0.08343757093023252,0,FALSE,FALSE,2026-10-01T20:14:26Z,2026-10-03T23:30:00Z
5,Washington Huskies@USC Trojans,USC Trojans,FanDuel,-9.5,-122,-9.5,-8,0.45144615,0.5495495495495496,-0.09810339954954961,0,FALSE,FALSE,2026-10-01T20:15:05Z,2026-10-03T23:30:00Z
5,Washington Huskies@USC Trojans,USC Trojans,Fanatics,-9.5,-115,-9.5,-8,0.45144615,0.5348837209302325,-0.08343757093023252,0,FALSE,FALSE,2026-10-01T20:14:27Z,2026-10-03T23:30:00Z
5,Washington Huskies@USC Trojans,USC Trojans,theScore Bet,-9.5,-120,-9.5,-8,0.45144615,0.5454545454545454,-0.09400839545454542,0,FALSE,FALSE,2026-10-01T20:14:32Z,2026-10-03T23:30:00Z
5,Washington Huskies@USC Trojans,Washington Huskies,Caesars,9.5,-106,9.5,8,0.55280225,0.5145631067961165,0.03823914320388355,0,FALSE,FALSE,2026-10-01T20:12:30Z,2026-10-03T23:30:00Z
5,Washington Huskies@USC Trojans,Washington Huskies,DraftKings,9.5,-105,9.5,8,0.55280225,0.5121951219512195,0.04060712804878053,0,FALSE,FALSE,2026-10-01T20:14:26Z,2026-10-03T23:30:00Z
5,Washington Huskies@USC Trojans,Washington Huskies,FanDuel,9.5,100,9.5,8,0.55280225,0.5,0.05280225000000005,0,TRUE,TRUE,2026-10-01T20:15:05Z,2026-10-03T23:30:00Z
5,Washington Huskies@USC Trojans,Washington Huskies,Fanatics,9.5,-105,9.5,8,0.55280225,0.5121951219512195,0.04060712804878053,0,FALSE,FALSE,2026-10-01T20:14:27Z,2026-10-03T23:30:00Z
5,Washington Huskies@USC Trojans,Washington Huskies,theScore Bet,9.5,100,9.5,8,0.55280225,0.5,0.05280225000000005,0,FALSE,FALSE,2026-10-01T20:14:32Z,2026-10-03T23:30:00Z
5,Washington Huskies@USC Trojans,Washington Huskies,BetMGM,10,-110,9.5,8,0.55280225,0.5238095238095238,0.028992726190476215,0.5,FALSE,FALSE,2026-10-01T20:14:49Z,2026-10-03T23:30:00Z
5,West Virginia Mountaineers@Iowa State Cyclones,Iowa State Cyclones,theScore Bet,-3.5,100,-3,-9.5,0.5827754,0.5,0.08277540000000005,0.5,FALSE,TRUE,2026-10-01T20:14:32Z,2026-10-03T16:00:00Z
5,West Virginia Mountaineers@Iowa State Cyclones,Iowa State Cyclones,BetMGM,-3,-112,-3,-9.5,0.5827754,0.5283018867924528,0.05447351320754723,0,TRUE,FALSE,2026-10-01T20:14:49Z,2026-10-03T16:00:00Z
5,West Virginia Mountaineers@Iowa State Cyclones,Iowa State Cyclones,Caesars,-3,-115,-3,-9.5,0.5827754,0.5348837209302325,0.047891679069767545,0,FALSE,FALSE,2026-10-01T20:12:30Z,2026-10-03T16:00:00Z
5,West Virginia Mountaineers@Iowa State Cyclones,Iowa State Cyclones,DraftKings,-3,-118,-3,-9.5,0.5827754,0.5412844036697247,0.04149099633027531,0,FALSE,FALSE,2026-10-01T20:14:25Z,2026-10-03T16:00:00Z
5,West Virginia Mountaineers@Iowa State Cyclones,Iowa State Cyclones,Fanatics,-3,-115,-3,-9.5,0.5827754,0.5348837209302325,0.047891679069767545,0,FALSE,FALSE,2026-10-01T20:14:27Z,2026-10-03T16:00:00Z
5,West Virginia Mountaineers@Iowa State Cyclones,Iowa State Cyclones,FanDuel,-2.5,-122,-3,-9.5,0.61992218,0.5495495495495496,0.07037263045045039,0.5,FALSE,FALSE,2026-10-01T20:15:05Z,2026-10-03T16:00:00Z
5,West Virginia Mountaineers@Iowa State Cyclones,West Virginia Mountaineers,FanDuel,2.5,100,3,9.5,0.37707238,0.5,-0.12292762000000002,0.5,FALSE,TRUE,2026-10-01T20:15:05Z,2026-10-03T16:00:00Z
5,West Virginia Mountaineers@Iowa State Cyclones,West Virginia Mountaineers,BetMGM,3,-105,3,9.5,0.37707238,0.5121951219512195,-0.13512274195121954,0,FALSE,FALSE,2026-10-01T20:14:49Z,2026-10-03T16:00:00Z
5,West Virginia Mountaineers@Iowa State Cyclones,West Virginia Mountaineers,Caesars,3,-105,3,9.5,0.37707238,0.5121951219512195,-0.13512274195121954,0,FALSE,FALSE,2026-10-01T20:12:30Z,2026-10-03T16:00:00Z
5,West Virginia Mountaineers@Iowa State Cyclones,West Virginia Mountaineers,DraftKings,3,-102,3,9.5,0.37707238,0.504950495049505,-0.12787811504950497,0,TRUE,FALSE,2026-10-01T20:14:25Z,2026-10-03T16:00:00Z
5,West Virginia Mountaineers@Iowa State Cyclones,West Virginia Mountaineers,Fanatics,3,-105,3,9.5,0.37707238,0.5121951219512195,-0.13512274195121954,0,FALSE,FALSE,2026-10-01T20:14:27Z,2026-10-03T16:00:00Z
5,West Virginia Mountaineers@Iowa State Cyclones,West Virginia Mountaineers,theScore Bet,3.5,-120,3,9.5,0.41547974,0.5454545454545454,-0.12997480545454543,0.5,FALSE,FALSE,2026-10-01T20:14:32Z,2026-10-03T16:00:00Z
5,Western Kentucky Hilltoppers@New Mexico State Aggies,New Mexico State Aggies,DraftKings,-2.5,-108,-2,-2,0.49303829,0.5192307692307693,-0.026192479230769283,0.5,FALSE,FALSE,2026-10-01T20:14:25Z,2026-10-02T00:00:00Z
5,Western Kentucky Hilltoppers@New Mexico State Aggies,New Mexico State Aggies,FanDuel,-2.5,-106,-2,-2,0.49303829,0.5145631067961165,-0.021524816796116508,0.5,FALSE,TRUE,2026-10-01T20:15:05Z,2026-10-02T00:00:00Z
5,Western Kentucky Hilltoppers@New Mexico State Aggies,New Mexico State Aggies,Fanatics,-2.5,-110,-2,-2,0.49303829,0.5238095238095238,-0.030771233809523846,0.5,FALSE,FALSE,2026-10-01T20:14:27Z,2026-10-02T00:00:00Z
5,Western Kentucky Hilltoppers@New Mexico State Aggies,New Mexico State Aggies,BetMGM,-2,-110,-2,-2,0.49303829,0.5238095238095238,-0.030771233809523846,0,TRUE,FALSE,2026-10-01T20:14:49Z,2026-10-02T00:00:00Z
5,Western Kentucky Hilltoppers@New Mexico State Aggies,New Mexico State Aggies,Caesars,-2,-113,-2,-2,0.49303829,0.5305164319248826,-0.037478141924882635,0,FALSE,FALSE,2026-10-01T20:12:30Z,2026-10-02T00:00:00Z
5,Western Kentucky Hilltoppers@New Mexico State Aggies,New Mexico State Aggies,theScore Bet,-1.5,-115,-2,-2,0.50818082,0.5348837209302325,-0.02670290093023253,0.5,FALSE,FALSE,2026-10-01T20:14:32Z,2026-10-02T00:00:00Z
5,Western Kentucky Hilltoppers@New Mexico State Aggies,Western Kentucky Hilltoppers,theScore Bet,1.5,-105,2,2,0.48896173,0.5121951219512195,-0.02323339195121954,0.5,FALSE,FALSE,2026-10-01T20:14:32Z,2026-10-02T00:00:00Z
5,Western Kentucky Hilltoppers@New Mexico State Aggies,Western Kentucky Hilltoppers,BetMGM,2,-108,2,2,0.48896173,0.5192307692307693,-0.03026903923076929,0,FALSE,FALSE,2026-10-01T20:14:49Z,2026-10-02T00:00:00Z
5,Western Kentucky Hilltoppers@New Mexico State Aggies,Western Kentucky Hilltoppers,Caesars,2,-107,2,2,0.48896173,0.5169082125603864,-0.027946482560386454,0,TRUE,FALSE,2026-10-01T20:12:30Z,2026-10-02T00:00:00Z
5,Western Kentucky Hilltoppers@New Mexico State Aggies,Western Kentucky Hilltoppers,DraftKings,2.5,-112,2,2,0.50383027,0.5283018867924528,-0.0244716167924528,0.5,FALSE,FALSE,2026-10-01T20:14:25Z,2026-10-02T00:00:00Z
5,Western Kentucky Hilltoppers@New Mexico State Aggies,Western Kentucky Hilltoppers,FanDuel,2.5,-114,2,2,0.50383027,0.5327102803738317,-0.0288800103738317,0.5,FALSE,FALSE,2026-10-01T20:15:05Z,2026-10-02T00:00:00Z
5,Western Kentucky Hilltoppers@New Mexico State Aggies,Western Kentucky Hilltoppers,Fanatics,2.5,-110,2,2,0.50383027,0.5238095238095238,-0.01997925380952381,0.5,FALSE,TRUE,2026-10-01T20:14:27Z,2026-10-02T00:00:00Z
5,Western Michigan Broncos@Buffalo Bulls,Buffalo Bulls,FanDuel,13.5,-104,13.5,8,0.61464588,0.5098039215686274,0.10484195843137256,0,FALSE,FALSE,2026-10-01T20:15:05Z,2026-10-03T17:00:00Z
5,Western Michigan Broncos@Buffalo Bulls,Buffalo Bulls,Fanatics,13.5,-105,13.5,8,0.61464588,0.5121951219512195,0.10245075804878045,0,FALSE,FALSE,2026-10-01T20:14:27Z,2026-10-03T17:00:00Z
5,Western Michigan Broncos@Buffalo Bulls,Buffalo Bulls,theScore Bet,13.5,105,13.5,8,0.61464588,0.4878048780487805,0.1268410019512195,0,TRUE,TRUE,2026-10-01T20:14:32Z,2026-10-03T17:00:00Z
5,Western Michigan Broncos@Buffalo Bulls,Buffalo Bulls,BetMGM,14,-108,13.5,8,0.61464588,0.5192307692307693,0.0954151107692307,0.5,FALSE,FALSE,2026-10-01T20:14:49Z,2026-10-03T17:00:00Z
5,Western Michigan Broncos@Buffalo Bulls,Buffalo Bulls,DraftKings,14,-110,13.5,8,0.61464588,0.5238095238095238,0.09083635619047614,0.5,FALSE,FALSE,2026-10-01T20:14:26Z,2026-10-03T17:00:00Z
5,Western Michigan Broncos@Buffalo Bulls,Western Michigan Broncos,BetMGM,-14,-110,-13.5,-8,0.36941486,0.5238095238095238,-0.15439466380952382,0.5,FALSE,FALSE,2026-10-01T20:14:49Z,2026-10-03T17:00:00Z
5,Western Michigan Broncos@Buffalo Bulls,Western Michigan Broncos,DraftKings,-14,-110,-13.5,-8,0.36941486,0.5238095238095238,-0.15439466380952382,0.5,FALSE,FALSE,2026-10-01T20:14:26Z,2026-10-03T17:00:00Z
5,Western Michigan Broncos@Buffalo Bulls,Western Michigan Broncos,FanDuel,-13.5,-118,-13.5,-8,0.38865258,0.5412844036697247,-0.15263182366972472,0,FALSE,FALSE,2026-10-01T20:15:05Z,2026-10-03T17:00:00Z
5,Western Michigan Broncos@Buffalo Bulls,Western Michigan Broncos,Fanatics,-13.5,-115,-13.5,-8,0.38865258,0.5348837209302325,-0.14623114093023248,0,TRUE,TRUE,2026-10-01T20:14:27Z,2026-10-03T17:00:00Z
5,Western Michigan Broncos@Buffalo Bulls,Western Michigan Broncos,theScore Bet,-13.5,-125,-13.5,-8,0.38865258,0.5555555555555556,-0.16690297555555555,0,FALSE,FALSE,2026-10-01T20:14:32Z,2026-10-03T17:00:00Z
5,Wyoming Cowboys@North Dakota State,North Dakota State,BetMGM,-17.5,-108,-17.5,-20,0.5378024,0.5192307692307693,0.01857163076923074,0,TRUE,TRUE,2026-10-01T20:14:49Z,2026-10-03T19:30:00Z
5,Wyoming Cowboys@North Dakota State,North Dakota State,DraftKings,-17.5,-112,-17.5,-20,0.5378024,0.5283018867924528,0.00950051320754719,0,FALSE,FALSE,2026-10-01T20:14:26Z,2026-10-03T19:30:00Z
5,Wyoming Cowboys@North Dakota State,North Dakota State,FanDuel,-17.5,-110,-17.5,-20,0.5378024,0.5238095238095238,0.013992876190476178,0,FALSE,FALSE,2026-10-01T20:15:05Z,2026-10-03T19:30:00Z
5,Wyoming Cowboys@North Dakota State,North Dakota State,Fanatics,-17.5,-110,-17.5,-20,0.5378024,0.5238095238095238,0.013992876190476178,0,FALSE,FALSE,2026-10-01T20:14:27Z,2026-10-03T19:30:00Z
5,Wyoming Cowboys@North Dakota State,North Dakota State,theScore Bet,-17.5,-110,-17.5,-20,0.5378024,0.5238095238095238,0.013992876190476178,0,FALSE,FALSE,2026-10-01T20:14:32Z,2026-10-03T19:30:00Z
5,Wyoming Cowboys@North Dakota State,Wyoming Cowboys,BetMGM,17.5,-110,17.5,20,0.46293789,0.5238095238095238,-0.06087163380952382,0,FALSE,FALSE,2026-10-01T20:14:49Z,2026-10-03T19:30:00Z
5,Wyoming Cowboys@North Dakota State,Wyoming Cowboys,DraftKings,17.5,-108,17.5,20,0.46293789,0.5192307692307693,-0.056292879230769255,0,TRUE,TRUE,2026-10-01T20:14:26Z,2026-10-03T19:30:00Z
5,Wyoming Cowboys@North Dakota State,Wyoming Cowboys,FanDuel,17.5,-110,17.5,20,0.46293789,0.5238095238095238,-0.06087163380952382,0,FALSE,FALSE,2026-10-01T20:15:05Z,2026-10-03T19:30:00Z
5,Wyoming Cowboys@North Dakota State,Wyoming Cowboys,Fanatics,17.5,-110,17.5,20,0.46293789,0.5238095238095238,-0.06087163380952382,0,FALSE,FALSE,2026-10-01T20:14:27Z,2026-10-03T19:30:00Z
5,Wyoming Cowboys@North Dakota State,Wyoming Cowboys,theScore Bet,17.5,-110,17.5,20,0.46293789,0.5238095238095238,-0.06087163380952382,0,FALSE,FALSE,2026-10-01T20:14:32Z,2026-10-03T19:30:00Z
